timestamps,open,high,low,close,volume,amount
2025-12-22 15:00:00+00:00,13.485,13.51,13.48,13.48,1869759,25220711.71125
2025-12-22 16:00:00+00:00,13.4833,13.49,13.42,13.43,1255185,16889549.702625003
2025-12-22 17:00:00+00:00,13.475,13.475,13.47,13.4714,19973,269093.23305000004
2025-12-22 18:00:00+00:00,13.47,13.48,13.45,13.455,2350303,31643892.016250003
2025-12-22 19:00:00+00:00,13.455,13.46,13.44,13.46,625648,8417311.78
2025-12-22 20:00:00+00:00,13.4752,13.51,13.44,13.455,3515180,47349650.359
2025-12-23 15:00:00+00:00,13.37,13.37,13.36,13.37,5000,66837.49999999999
2025-12-23 16:00:00+00:00,13.365,13.3656,13.35,13.355,52064,695517.7696000001
2025-12-23 17:00:00+00:00,13.335,13.37,13.325,13.345,1106147,14760149.03125
2025-12-23 18:00:00+00:00,13.345,13.38,13.32,13.3282,1851155,24700516.5115
2025-12-23 19:00:00+00:00,13.3201,13.35,13.32,13.335,1260840,16808604.770999998
2025-12-23 20:00:00+00:00,13.335,13.34,13.28,13.295,2649246,35268087.375
2025-12-24 15:00:00+00:00,13.305,13.33,13.28,13.2999,1460313,19427602.565925
2025-12-24 16:00:00+00:00,13.3138,13.32,13.31,13.315,6875,91538.5625
2025-12-24 17:00:00+00:00,13.3347,13.335,13.33,13.335,2033,27107.361275
2025-12-26 15:00:00+00:00,13.35,13.37,13.29,13.29,2591973,34538040.225
2025-12-26 16:00:00+00:00,13.28,13.28,13.27,13.275,20694,274738.71749999997
2025-12-26 17:00:00+00:00,13.2799,13.29,13.26,13.2876,843562,11201976.13375
2025-12-26 18:00:00+00:00,13.2844,13.31,13.28,13.2875,1749690,23254211.20275
2025-12-26 19:00:00+00:00,13.285,13.3,13.27,13.285,852009,11318939.565
2025-12-26 20:00:00+00:00,13.285,13.335,13.28,13.305,3186266,42381320.6325
2025-12-29 15:00:00+00:00,13.2801,13.29,13.25,13.265,1265897,16800067.208675
2025-12-29 16:00:00+00:00,13.2649,13.3,13.25,13.285,1440947,19128535.401325002
2025-12-29 17:00:00+00:00,13.29,13.3,13.28,13.285,252462,3354904.4025
2025-12-29 18:00:00+00:00,13.285,13.31,13.27,13.275,974594,12947481.29
2025-12-29 19:00:00+00:00,13.28,13.3,13.26,13.285,1428498,18972239.0625
2025-12-29 20:00:00+00:00,13.285,13.3,13.26,13.275,1942292,25793637.759999998
2025-12-30 15:00:00+00:00,13.245,13.26,13.235,13.26,1126528,14926495.999999998
2025-12-30 16:00:00+00:00,13.265,13.266,13.26,13.265,8116,107650.624
2025-12-30 17:00:00+00:00,13.275,13.28,13.25,13.2572,801488,10632179.1384
2025-12-30 18:00:00+00:00,13.2599,13.27,13.23,13.235,1435163,19014079.917175
2025-12-30 19:00:00+00:00,13.215,13.22,13.215,13.215,9024,119263.44000000002
2025-12-30 20:00:00+00:00,13.215,13.25,13.2,13.235,2551546,33744195.85
2025-12-31 15:00:00+00:00,13.205,13.21,13.16,13.18,1129993,14903195.17875
2025-12-31 16:00:00+00:00,13.175,13.21,13.17,13.195,1352300,17833456.25
2025-12-31 17:00:00+00:00,13.1714,13.175,13.17,13.175,6758,89022.12030000001
2025-12-31 18:00:00+00:00,13.2,13.2,13.19,13.195,1261,16640.47125
2025-12-31 19:00:00+00:00,13.195,13.2,13.195,13.195,21032,277543.53
2025-12-31 20:00:00+00:00,13.16,13.17,13.125,13.135,2733322,35936350.995
2026-01-02 15:00:00+00:00,13.12,13.245,13.12,13.235,3594431,47374600.58
2026-01-02 16:00:00+00:00,13.235,13.2354,13.22,13.2313,123973,1640215.478525
2026-01-02 17:00:00+00:00,13.24,13.32,13.24,13.3083,273967,3637480.406525
2026-01-02 18:00:00+00:00,13.28,13.28,13.2701,13.28,40747,541019.311175
2026-01-02 19:00:00+00:00,13.295,13.3099,13.2929,13.3043,94798,1260863.16895
2026-01-02 20:00:00+00:00,13.365,13.39,13.31,13.3273,5267643,70312893.837225
2026-01-05 15:00:00+00:00,13.345,13.35,13.34,13.34,27001,360294.59375
2026-01-05 16:00:00+00:00,13.34,13.39,13.31,13.3803,3337764,44576088.5523
2026-01-05 17:00:00+00:00,13.385,13.42,13.38,13.405,3904655,52312615.362500004
2026-01-05 18:00:00+00:00,13.4066,13.47,13.4,13.4699,3814329,51251708.399625
2026-01-05 19:00:00+00:00,13.4699,13.48,13.41,13.46,3870667,52079727.718325
2026-01-05 20:00:00+00:00,13.4559,13.48,13.44,13.465,5285940,71149941.73650001
2026-01-06 15:00:00+00:00,13.445,13.51,13.4245,13.47,3568540,48041023.6825
2026-01-06 16:00:00+00:00,13.525,13.6,13.52,13.57,2374933,32189248.148749996
2026-01-06 17:00:00+00:00,13.6301,13.67,13.63,13.635,1007345,13741470.164875
2026-01-06 18:00:00+00:00,13.7,13.73,13.69,13.7066,1266580,17360568.757
2026-01-06 19:00:00+00:00,13.81,13.86,13.78,13.785,5722706,79023416.4775
2026-01-06 20:00:00+00:00,13.785,13.84,13.78,13.789,6009737,82925355.99450001
2026-01-07 15:00:00+00:00,13.705,13.74,13.7001,13.735,122827,1685189.510675
2026-01-07 16:00:00+00:00,13.695,13.6956,13.6201,13.625,805804,11006416.4007
2026-01-07 17:00:00+00:00,13.655,13.67,13.63,13.6596,2658958,36304481.896699995
2026-01-07 18:00:00+00:00,13.655,13.66,13.64,13.655,537132,7333194.63
2026-01-07 19:00:00+00:00,13.7,13.72,13.65,13.675,3464245,47412523.13125
2026-01-07 20:00:00+00:00,13.675,13.75,13.65,13.7348,4849582,66451154.8759
2026-01-08 15:00:00+00:00,14.305,14.395,14.2801,14.29,4682068,67035625.6417
2026-01-08 16:00:00+00:00,14.355,14.38,14.35,14.375,65705,943852.3250000001
2026-01-08 17:00:00+00:00,14.41,14.4651,14.4,14.445,2976953,42957506.213825
2026-01-08 18:00:00+00:00,14.45,14.46,14.45,14.4597,72266,1044599.6100499999
2026-01-08 19:00:00+00:00,14.4575,14.5,14.42,14.4477,5128742,74142632.97459999
2026-01-08 20:00:00+00:00,14.4448,14.465,14.37,14.395,8295170,119605567.679
2026-01-09 15:00:00+00:00,14.275,14.325,14.13,14.265,5597581,79758532.27375
2026-01-09 16:00:00+00:00,14.225,14.23,14.22,14.225,113326,1612062.3499999999
2026-01-09 17:00:00+00:00,14.2,14.21,14.12,14.125,3860820,54683689.275
2026-01-09 18:00:00+00:00,14.165,14.175,14.165,14.175,39614,561330.3799999999
2026-01-09 19:00:00+00:00,14.1123,14.1154,14.11,14.1154,13467,190063.474425
2026-01-09 20:00:00+00:00,14.165,14.23,14.15,14.205,5281578,74932387.875
2026-01-12 15:00:00+00:00,14.05,14.06,14.05,14.0501,23722,333353.99805
2026-01-12 16:00:00+00:00,14.065,14.07,14.055,14.055,56947,800746.0037499999
2026-01-12 17:00:00+00:00,14.02,14.04,14.01,14.02,2456629,34448080.1525
2026-01-12 18:00:00+00:00,14.0699,14.07,14.06,14.0643,34326,482831.23230000003
2026-01-12 19:00:00+00:00,13.985,14.0,13.98,13.995,224806,3145035.94
2026-01-12 20:00:00+00:00,14.035,14.0375,14.025,14.0375,123599,1734557.4662499998
2026-01-13 15:00:00+00:00,14.0399,14.05,13.99,14.035,2428147,34063806.522575006
2026-01-13 16:00:00+00:00,13.9936,13.9955,13.98,13.985,322060,4505144.3615
2026-01-13 17:00:00+00:00,14.045,14.13,13.96,14.0,5574271,78227925.64625001
2026-01-13 18:00:00+00:00,13.995,14.05,13.9645,14.045,4100278,57459758.287750006
2026-01-13 19:00:00+00:00,14.045,14.05,13.99,13.99,2587201,36269324.018750004
2026-01-13 20:00:00+00:00,13.995,14.005,13.96,13.985,3857203,53947805.45875
2026-01-14 15:00:00+00:00,13.8901,13.9,13.88,13.8999,122264,1698552.62
2026-01-14 16:00:00+00:00,13.92,13.92,13.91,13.915,72104,1003417.29
2026-01-14 17:00:00+00:00,13.9114,13.92,13.82,13.835,6080040,84339882.86400001
2026-01-14 18:00:00+00:00,13.815,13.84,13.79,13.835,1495476,20667478.32
2026-01-14 19:00:00+00:00,13.815,13.87,13.81,13.845,1883490,26058084.15
2026-01-14 20:00:00+00:00,13.845,13.87,13.82,13.835,5900506,81677754.30499999
2026-01-15 15:00:00+00:00,13.805,13.91,13.8045,13.885,2885103,39961922.290875
2026-01-15 16:00:00+00:00,13.909,13.91,13.89,13.895,207531,2884888.431
2026-01-15 17:00:00+00:00,13.865,13.87,13.85,13.8501,743379,10302322.300725
2026-01-15 18:00:00+00:00,13.8403,13.855,13.83,13.835,2055638,28450184.09285
2026-01-15 19:00:00+00:00,13.805,13.81,13.8001,13.805,48760,673133.019
2026-01-15 20:00:00+00:00,13.8097,13.84,13.805,13.835,29927,413663.71297500003
2026-01-16 15:00:00+00:00,13.66,13.71,13.65,13.685,2448402,33484957.852500003
2026-01-16 16:00:00+00:00,13.68,13.7,13.67,13.675,1007974,13790344.287499998
2026-01-16 17:00:00+00:00,13.661,13.69,13.65,13.69,2559522,34995704.4255
2026-01-16 18:00:00+00:00,13.65,13.67,13.65,13.665,654587,8940840.18625
2026-01-16 19:00:00+00:00,13.665,13.79,13.64,13.64,3735688,51118220.67
2026-01-16 20:00:00+00:00,13.645,13.67,13.6,13.6076,7036113,95906793.66344999
2026-01-20 15:00:00+00:00,13.5051,13.51,13.48,13.4906,102388,1381871.9629
2026-01-20 16:00:00+00:00,13.343,13.35,13.34,13.349,107308,1432078.914
2026-01-20 17:00:00+00:00,13.325,13.3299,13.32,13.32,9149,121898.760025
2026-01-20 18:00:00+00:00,13.3,13.31,13.28,13.295,1498272,19921399.080000002
2026-01-20 19:00:00+00:00,13.251,13.26,13.24,13.26,84639,1121699.50725
2026-01-20 20:00:00+00:00,13.251,13.3,13.23,13.275,5429152,72012272.128
2026-01-21 15:00:00+00:00,13.51,13.52,13.5,13.51,168498,2276407.98
2026-01-21 16:00:00+00:00,13.5882,13.62,13.55,13.565,3959224,53769429.2992
2026-01-21 17:00:00+00:00,13.565,13.63,13.53,13.62,3267565,44393954.981249996
2026-01-21 18:00:00+00:00,13.62,13.64,13.6,13.605,3576339,48696325.908750005
2026-01-21 19:00:00+00:00,13.685,13.71,13.68,13.71,195927,2683465.17375
2026-01-21 20:00:00+00:00,13.705,13.76,13.68,13.75,4844326,66482318.942499995
2026-01-22 15:00:00+00:00,13.81,13.82,13.745,13.8143,3906067,53893275.870775
2026-01-22 16:00:00+00:00,13.83,13.83,13.82,13.83,18146,250913.815
2026-01-22 17:00:00+00:00,13.81,13.82,13.8,13.8,646840,8931243.3
2026-01-22 18:00:00+00:00,13.785,13.81,13.77,13.81,1555260,21452867.625
2026-01-22 19:00:00+00:00,13.8,13.82,13.73,13.73,2666068,36711756.36
2026-01-22 20:00:00+00:00,13.73,13.77,13.7,13.71,4296119,58974973.572500005
2026-01-23 15:00:00+00:00,13.69,13.69,13.6,13.68,1837514,25109628.81
2026-01-23 16:00:00+00:00,13.6485,13.66,13.6485,13.655,113179,1545232.887
2026-01-23 17:00:00+00:00,13.65,13.6754,13.61,13.62,2093266,28549740.9841
2026-01-23 18:00:00+00:00,13.61,13.65,13.61,13.6433,814099,11094805.754175
2026-01-23 19:00:00+00:00,13.645,13.66,13.61,13.625,3714468,50646771.18
2026-01-23 20:00:00+00:00,13.62,13.63,13.62,13.625,13407,182653.61625
2026-01-26 15:00:00+00:00,13.49,13.4999,13.49,13.495,32900,443943.5525
2026-01-26 16:00:00+00:00,13.4446,13.45,13.37,13.405,3468386,46536722.3164
2026-01-26 17:00:00+00:00,13.355,13.45,13.345,13.395,5500089,73625566.37625
2026-01-26 18:00:00+00:00,13.39,13.42,13.38,13.4146,1193091,15988791.454650002
2026-01-26 19:00:00+00:00,13.435,13.46,13.43,13.45,769636,10346793.975000001
2026-01-26 20:00:00+00:00,13.4642,13.5,13.43,13.445,5253960,70717250.808
2026-01-27 15:00:00+00:00,13.54,13.78,13.52,13.75,8988922,122676312.995
2026-01-27 16:00:00+00:00,13.7314,13.84,13.72,13.8141,6218445,85667630.23687501
2026-01-27 17:00:00+00:00,13.825,13.85,13.76,13.785,5198615,71766880.075
2026-01-27 18:00:00+00:00,13.795,13.88,13.79,13.8676,4931282,68215163.5983
2026-01-27 19:00:00+00:00,13.865,13.93,13.82,13.915,6691285,92891764.0125
2026-01-27 20:00:00+00:00,13.915,13.945,13.87,13.925,10089629,140384575.49875
2026-01-28 15:00:00+00:00,13.815,13.815,13.81,13.815,10352,142999.94
2026-01-28 16:00:00+00:00,13.81,13.86,13.8,13.845,2295132,31738806.645
2026-01-28 17:00:00+00:00,13.83,13.84,13.8,13.81,1160750,16041565.0
2026-01-28 18:00:00+00:00,13.805,13.8085,13.8042,13.805,4017,55457.396475
2026-01-28 19:00:00+00:00,13.795,13.82,13.76,13.775,1308730,18044114.875
2026-01-28 20:00:00+00:00,13.8,13.83,13.79,13.82,4272211,58999233.910000004
2026-01-29 15:00:00+00:00,13.845,13.9,13.795,13.835,5303511,73420480.40625
2026-01-29 16:00:00+00:00,13.8757,13.9063,13.86,13.87,2485775,34497585.449999996
2026-01-29 17:00:00+00:00,13.935,14.03,13.93,14.01,1766990,24695893.987499997
2026-01-29 18:00:00+00:00,13.955,14.07,13.895,14.05,6169870,86331905.975
2026-01-29 19:00:00+00:00,14.0427,14.09,14.001,14.0063,3869445,54307660.575
2026-01-29 20:00:00+00:00,14.005,14.06,13.92,13.995,7645225,106994923.875
2026-01-30 15:00:00+00:00,13.9,13.905,13.82,13.865,630039,8740216.0275
2026-01-30 16:00:00+00:00,13.925,13.93,13.92,13.93,38225,532330.90625
2026-01-30 17:00:00+00:00,13.905,13.935,13.86,13.9101,2937147,40833759.596175
2026-01-30 18:00:00+00:00,13.865,13.9,13.815,13.865,5150585,71393546.33125
2026-01-30 19:00:00+00:00,13.875,13.885,13.79,13.835,1882898,26071076.432499997
2026-01-30 20:00:00+00:00,13.825,13.9,13.81,13.875,5218889,72294659.8725
2026-02-02 15:00:00+00:00,13.775,13.87,13.76,13.865,2271320,31383964.1
2026-02-02 16:00:00+00:00,13.87,13.87,13.78,13.7833,4059238,56122314.22134999
2026-02-02 17:00:00+00:00,13.7857,13.84,13.78,13.8164,3891038,53717822.384950005
2026-02-02 18:00:00+00:00,13.82,13.8299,13.81,13.8186,354129,4893929.981625001
2026-02-02 19:00:00+00:00,13.83,13.84,13.83,13.835,2963,40989.40125
2026-02-02 20:00:00+00:00,13.79,13.82,13.745,13.805,5951108,82065779.32
2026-02-03 15:00:00+00:00,13.955,14.0351,13.9413,13.9712,3211319,44880270.38234999
2026-02-03 16:00:00+00:00,13.835,13.85,13.825,13.825,149543,2068740.4762500003
2026-02-03 17:00:00+00:00,13.8431,13.845,13.74,13.743,4810920,66355937.103
2026-02-03 18:00:00+00:00,13.745,13.76,13.645,13.6532,5358924,73421545.9392
2026-02-03 19:00:00+00:00,13.625,13.625,13.625,13.625,356,4850.5
2026-02-03 20:00:00+00:00,13.685,13.77,13.68,13.71,5452574,74761605.2575
2026-02-04 15:00:00+00:00,13.86,14.0,13.85,13.97,6125298,85264148.16
2026-02-04 16:00:00+00:00,13.925,13.96,13.885,13.9,2681192,37315489.660000004
2026-02-04 17:00:00+00:00,13.93,13.94,13.885,13.9001,934649,13004495.889975
2026-02-04 18:00:00+00:00,13.7799,13.7866,13.775,13.785,111694,1539324.8227499998
2026-02-04 19:00:00+00:00,13.73,13.85,13.72,13.823,3519497,48501308.282749996
2026-02-04 20:00:00+00:00,13.82,13.85,13.79,13.83,4570099,63170193.4275
2026-02-05 15:00:00+00:00,13.65,13.675,13.53,13.5935,3577481,48697118.557125
2026-02-05 16:00:00+00:00,13.64,13.64,13.63,13.635,90394,1232635.1825
2026-02-05 17:00:00+00:00,13.705,13.775,13.64,13.7573,6298246,86407683.80395001
2026-02-05 18:00:00+00:00,13.755,13.7676,13.685,13.7176,6056491,83163494.86829999
2026-02-05 19:00:00+00:00,13.765,13.77,13.763,13.765,5426,74692.9595
2026-02-05 20:00:00+00:00,13.78,13.8,13.69,13.71,5654593,77722380.785
2026-02-06 15:00:00+00:00,13.76,13.77,13.695,13.71,706959,9709198.16625
2026-02-06 16:00:00+00:00,13.69,13.75,13.67,13.74,2420768,33194781.2
2026-02-06 17:00:00+00:00,13.735,13.735,13.735,13.735,1600,21976.0
2026-02-06 18:00:00+00:00,13.735,13.775,13.735,13.7702,21203,291621.8214
2026-02-06 19:00:00+00:00,13.7751,13.795,13.75,13.755,651180,8965950.9045
2026-02-06 20:00:00+00:00,13.78,13.83,13.76,13.8,4899355,67574353.8375
2026-02-09 15:00:00+00:00,13.635,13.64,13.53,13.61,4772565,64924781.11875
2026-02-09 16:00:00+00:00,13.615,13.66,13.57,13.653,4432413,60389410.9185
2026-02-09 17:00:00+00:00,13.655,13.715,13.65,13.705,2912690,39849240.06249999
2026-02-09 18:00:00+00:00,13.705,13.72,13.65,13.665,3567986,48827888.410000004
2026-02-09 19:00:00+00:00,13.6699,13.68,13.64,13.655,2394813,32716079.225925
2026-02-09 20:00:00+00:00,13.655,13.68,13.58,13.6,3803763,51840534.98625
2026-02-10 15:00:00+00:00,13.665,13.73,13.66,13.705,3655925,50049613.25
2026-02-10 16:00:00+00:00,13.7175,13.735,13.71,13.72,483410,6632687.33125
2026-02-10 17:00:00+00:00,13.709,13.73,13.68,13.695,1747558,23947661.053
2026-02-10 18:00:00+00:00,13.685,13.69,13.65,13.655,1751843,23947693.81
2026-02-10 19:00:00+00:00,13.675,13.68,13.67,13.675,43749,598267.5750000001
2026-02-10 20:00:00+00:00,13.66,13.675,13.575,13.59,8769106,119479069.25
2026-02-11 15:00:00+00:00,13.56,13.81,13.52,13.7721,7764776,106109740.5474
2026-02-11 16:00:00+00:00,13.775,13.785,13.61,13.665,6741063,92411547.40125
2026-02-11 17:00:00+00:00,13.665,13.67,13.645,13.655,196795,2687973.7062500003
2026-02-11 18:00:00+00:00,13.665,13.69,13.54,13.605,4765746,64933289.25
2026-02-11 19:00:00+00:00,13.72,13.735,13.71,13.7305,131937,1810686.895875
2026-02-11 20:00:00+00:00,13.713,13.85,13.71,13.805,7158629,98570742.0155
2026-02-12 15:00:00+00:00,14.3465,14.36,14.03,14.105,8318814,118213466.49524999
2026-02-12 16:00:00+00:00,14.105,14.12,14.09,14.09,185186,2611354.0825
2026-02-12 17:00:00+00:00,13.975,14.0399,13.91,13.915,4656584,65005796.22539999
2026-02-12 18:00:00+00:00,13.915,13.96,13.89,13.925,2171521,30233001.1225
2026-02-12 19:00:00+00:00,13.955,14.01,13.94,13.975,3322441,46414500.77
2026-02-12 20:00:00+00:00,14.0,14.06,13.97,13.99,8744623,122468445.11500001
2026-02-13 15:00:00+00:00,14.135,14.14,14.09,14.0934,411994,5815130.512399999
2026-02-13 16:00:00+00:00,14.215,14.225,14.205,14.215,348390,4952363.85
2026-02-13 17:00:00+00:00,14.2207,14.23,14.2,14.205,129174,1836069.54795
2026-02-13 18:00:00+00:00,14.155,14.1599,14.145,14.145,54939,777454.150275
2026-02-13 19:00:00+00:00,14.115,14.16,14.07,14.077,2995895,42258596.9225
2026-02-13 20:00:00+00:00,14.075,14.15,14.07,14.105,6630350,93487935.00000001
2026-02-17 15:00:00+00:00,14.0765,14.08,14.075,14.075,1303,18341.842375
2026-02-17 16:00:00+00:00,13.995,14.07,13.99,14.0268,3993745,55994102.08525
2026-02-17 17:00:00+00:00,14.025,14.07,13.975,14.015,4882953,68465104.75125
2026-02-17 18:00:00+00:00,14.015,14.08,14.0,14.08,2403854,33759124.6125
2026-02-17 19:00:00+00:00,14.095,14.17,14.09,14.1,4098507,57845303.17125001
2026-02-17 20:00:00+00:00,14.105,14.13,14.07,14.12,2660275,37526504.21875
2026-02-18 15:00:00+00:00,14.0201,14.03,13.995,14.025,509569,7142896.196725
2026-02-18 16:00:00+00:00,14.115,14.127,14.11,14.125,47336,668348.8180000001
2026-02-18 17:00:00+00:00,14.09,14.095,14.08,14.085,337580,4755658.25
2026-02-18 18:00:00+00:00,14.045,14.045,14.03,14.03,24428,342908.05
2026-02-18 19:00:00+00:00,13.9397,13.98,13.865,13.885,2573613,35818065.906525
2026-02-18 20:00:00+00:00,13.845,13.88,13.805,13.8451,6556137,90761685.49717501
2026-02-19 15:00:00+00:00,13.82,13.84,13.82,13.8315,133392,1844527.902
2026-02-19 16:00:00+00:00,13.83,13.945,13.8,13.825,4938269,68395025.65
2026-02-19 17:00:00+00:00,13.8001,13.805,13.79,13.795,126442,1744586.65605
2026-02-19 18:00:00+00:00,13.805,13.825,13.75,13.815,3412561,47089076.098749995
2026-02-19 19:00:00+00:00,13.743,13.7499,13.74,13.7466,6805,93533.874375
2026-02-19 20:00:00+00:00,13.775,13.78,13.77,13.775,32405,446378.875
2026-02-20 15:00:00+00:00,13.955,13.96,13.885,13.895,1332158,18548634.952499997
2026-02-20 16:00:00+00:00,13.885,13.91,13.83,13.835,3041597,42171742.405
2026-02-20 17:00:00+00:00,13.84,13.89,13.81,13.88,3064541,42459215.555
2026-02-20 18:00:00+00:00,13.99,13.99,13.98,13.985,4665,65245.85625
2026-02-20 19:00:00+00:00,13.965,13.9663,13.895,13.915,1817108,25321990.5401
2026-02-20 20:00:00+00:00,13.915,14.035,13.915,14.005,5997454,83769438.74499999
2026-02-23 15:00:00+00:00,13.885,13.895,13.625,13.64,5531763,76123973.58375001
2026-02-23 16:00:00+00:00,13.6461,13.65,13.645,13.65,9172,125177.3923
2026-02-23 17:00:00+00:00,13.6291,13.64,13.59,13.595,112894,1536885.2913499998
2026-02-23 18:00:00+00:00,13.585,13.65,13.58,13.635,2884800,39269340.0
2026-02-23 19:00:00+00:00,13.635,13.6699,13.63,13.64,573919,7830393.008275
2026-02-23 20:00:00+00:00,13.63,13.65,13.6,13.65,4042638,55111262.535000004
2026-02-24 15:00:00+00:00,14.175,14.24,14.17,14.235,137649,1955304.045
2026-02-24 16:00:00+00:00,14.255,14.31,14.13,14.175,4752816,67573161.48
2026-02-24 17:00:00+00:00,14.195,14.2,14.17,14.195,640671,9091121.49
2026-02-24 18:00:00+00:00,14.2735,14.3,14.24,14.265,2558785,36512902.405625
2026-02-24 19:00:00+00:00,14.265,14.3,14.24,14.245,1212819,17297830.9875
2026-02-24 20:00:00+00:00,14.255,14.27,14.25,14.265,64075,913709.5
2026-02-25 15:00:00+00:00,14.2797,14.42,14.24,14.405,4073218,58394366.06115
2026-02-25 16:00:00+00:00,14.41,14.475,14.4,14.435,4368872,63042822.96
2026-02-25 17:00:00+00:00,14.43,14.49,14.38,14.43,4155167,59969447.72750001
2026-02-25 18:00:00+00:00,14.4399,14.49,14.43,14.45,2178435,31483777.376624998
2026-02-25 19:00:00+00:00,14.445,14.45,14.35,14.36,2675950,38537024.9375
2026-02-25 20:00:00+00:00,14.365,14.44,14.36,14.425,4507341,64894442.04750001
2026-02-26 15:00:00+00:00,14.665,14.67,14.575,14.625,1503576,22002955.29
2026-02-26 16:00:00+00:00,14.665,14.67,14.5,14.533,4038532,58930258.944000006
2026-02-26 17:00:00+00:00,14.53,14.53,14.49,14.49,995843,14449681.93
2026-02-26 18:00:00+00:00,14.36,14.39,14.3044,14.365,3054311,43844176.25835
2026-02-26 19:00:00+00:00,14.365,14.44,14.34,14.38,3224741,46375806.50625
2026-02-26 20:00:00+00:00,14.38,14.465,14.38,14.42,5486840,79072222.95
2026-02-27 15:00:00+00:00,14.4401,14.48,14.31,14.315,1328032,19105433.5608
2026-02-27 16:00:00+00:00,14.305,14.31,14.22,14.225,385670,5501582.55
2026-02-27 17:00:00+00:00,14.155,14.22,14.1127,14.13,3185541,45089501.168925
2026-02-27 18:00:00+00:00,14.13,14.16,14.1,14.145,2884108,40763261.445
2026-02-27 19:00:00+00:00,14.07,14.0799,14.03,14.045,105759,1486572.2997750002
2026-02-27 20:00:00+00:00,14.085,14.09,14.08,14.085,51624,727124.04
2026-03-02 15:00:00+00:00,13.44,13.5,13.25,13.325,9300209,124425171.15875
2026-03-02 16:00:00+00:00,13.32,13.43,13.225,13.295,8500233,113201852.9775
2026-03-02 17:00:00+00:00,13.32,13.345,13.3,13.3,1703420,22683166.575
2026-03-02 18:00:00+00:00,13.3463,13.43,13.27,13.27,4513825,60165111.961875
2026-03-02 19:00:00+00:00,13.27,13.41,13.26,13.3702,4703539,62686651.19944999
2026-03-02 20:00:00+00:00,13.375,13.4277,13.305,13.37,7521621,100559747.837925
2026-03-03 15:00:00+00:00,12.945,12.98,12.75,12.785,7269532,93522529.17999999
2026-03-03 16:00:00+00:00,12.79,12.87,12.76,12.855,5435376,69674726.1
2026-03-03 17:00:00+00:00,12.855,12.89,12.79,12.855,5135096,65973145.86
2026-03-03 18:00:00+00:00,12.8501,12.91,12.8,12.865,5846666,75166345.92915002
2026-03-03 19:00:00+00:00,12.865,12.8899,12.82,12.845,2725345,35034241.841375
2026-03-03 20:00:00+00:00,12.775,12.7799,12.77,12.775,12520,159942.687
2026-03-04 15:00:00+00:00,13.04,13.09,13.02,13.0649,2577780,33649631.2305
2026-03-04 16:00:00+00:00,13.0859,13.095,12.91,12.955,4087628,53186069.5313
2026-03-04 17:00:00+00:00,12.9558,12.97,12.89,12.895,2355900,30456368.430000003
2026-03-04 18:00:00+00:00,12.895,12.93,12.88,12.895,2972741,38348358.9
2026-03-04 19:00:00+00:00,12.8901,12.92,12.88,12.905,1524251,19660970.692525
2026-03-04 20:00:00+00:00,12.905,12.92,12.88,12.885,878668,11332620.53
2026-03-05 15:00:00+00:00,12.6926,12.745,12.48,12.5383,5824530,73470475.80675
2026-03-05 16:00:00+00:00,12.539,12.56,12.4,12.435,4464621,55734096.25350001
2026-03-05 17:00:00+00:00,12.435,12.435,12.31,12.325,2956751,36593489.56375
2026-03-05 18:00:00+00:00,12.325,12.337,12.31,12.335,183756,2265114.273
2026-03-05 19:00:00+00:00,12.315,12.33,12.26,12.28,1903661,23407891.571250003
2026-03-05 20:00:00+00:00,12.3099,12.3099,12.2901,12.295,17973,221089.916925
2026-03-06 15:00:00+00:00,12.035,12.19,12.03,12.175,3453605,41814522.53750001
2026-03-06 16:00:00+00:00,12.175,12.23,12.165,12.205,1515927,18484834.85625
2026-03-06 17:00:00+00:00,12.1523,12.2,12.11,12.1301,1860707,22604054.706699997
2026-03-06 18:00:00+00:00,12.135,12.1899,12.13,12.15,1012049,12297635.110025
2026-03-06 19:00:00+00:00,12.13,12.1653,12.11,12.15,2175512,26408159.453399997
2026-03-06 20:00:00+00:00,12.16,12.17,12.07,12.135,4247944,51543490.51
2026-03-09 14:00:00+00:00,11.87,11.9384,11.8,11.93,5170242,61446258.0732
2026-03-09 15:00:00+00:00,11.93,12.05,11.9201,12.015,3801461,45536845.990275
2026-03-09 16:00:00+00:00,12.015,12.09,11.98,12.0599,2731453,32876382.884925
2026-03-09 17:00:00+00:00,12.055,12.08,11.98,11.98,2986124,35904408.445
2026-03-09 18:00:00+00:00,12.005,12.03,12.005,12.0139,158947,1909505.810825
2026-03-09 19:00:00+00:00,11.915,12.1985,11.9,12.175,7683454,92563530.76975001
2026-03-10 14:00:00+00:00,12.405,12.45,12.39,12.4489,760904,9453071.8214
2026-03-10 15:00:00+00:00,12.485,12.51,12.4,12.43,3329142,41468625.037499994
2026-03-10 16:00:00+00:00,12.425,12.43,12.41,12.415,368858,4581216.36
2026-03-10 17:00:00+00:00,12.435,12.5,12.41,12.4755,2149445,26771606.155624997
2026-03-10 18:00:00+00:00,12.385,12.41,12.33,12.355,1211225,14982853.250000002
2026-03-10 19:00:00+00:00,12.35,12.38,12.23,12.25,4472224,55019535.76
2026-03-11 14:00:00+00:00,12.405,12.48,12.23,12.305,2325698,28733998.789999995
2026-03-11 15:00:00+00:00,12.085,12.09,12.08,12.0888,8825,106658.50875000001
2026-03-11 16:00:00+00:00,12.075,12.0856,12.065,12.0801,21241,256515.343425
2026-03-11 17:00:00+00:00,12.1,12.1,12.09,12.099,11080,134037.53
2026-03-11 18:00:00+00:00,12.105,12.15,12.08,12.0884,1997103,24176629.35255
2026-03-11 19:00:00+00:00,12.045,12.0499,12.045,12.045,3075,37042.141875
2026-03-12 14:00:00+00:00,12.04,12.07,11.985,11.995,1378708,16575516.929999998
2026-03-12 15:00:00+00:00,12.065,12.07,12.04,12.07,79542,959375.9474999999
2026-03-12 16:00:00+00:00,12.115,12.12,12.115,12.115,5177,62725.826250000006
2026-03-12 17:00:00+00:00,12.135,12.14,12.13,12.135,5833,70783.455
2026-03-12 18:00:00+00:00,12.105,12.13,12.06,12.065,2220042,26840307.78
2026-03-12 19:00:00+00:00,12.065,12.08,12.06,12.075,112159,1353759.1300000001
2026-03-13 14:00:00+00:00,11.8101,11.82,11.78,11.785,231755,2734425.100125
2026-03-13 15:00:00+00:00,11.785,11.79,11.77,11.7799,19731,232455.35047499998
2026-03-13 16:00:00+00:00,11.7701,11.78,11.71,11.74,3476707,40851394.167675
2026-03-13 17:00:00+00:00,11.745,11.815,11.71,11.7342,1927214,22646788.074699998
2026-03-13 18:00:00+00:00,11.7301,11.75,11.66,11.685,2475543,28979387.132325005
2026-03-13 19:00:00+00:00,11.68,11.685,11.65,11.6774,1071667,12509676.0577
2026-03-16 14:00:00+00:00,11.785,11.8,11.685,11.685,3051672,35822814.690000005
2026-03-16 15:00:00+00:00,11.7,11.7,11.69,11.695,164830,1927892.8875
2026-03-16 16:00:00+00:00,11.685,11.73,11.64,11.7,2620898,30635021.4975
2026-03-16 17:00:00+00:00,11.6901,11.735,11.6801,11.69,2378030,27820097.363999996
2026-03-16 18:00:00+00:00,11.69,11.74,11.68,11.73,1667479,19526179.09
2026-03-16 19:00:00+00:00,11.725,11.75,11.68,11.725,3787319,44387378.68
2026-03-17 14:00:00+00:00,12.0,12.02,11.91,12.0,5085608,60938297.86
2026-03-17 15:00:00+00:00,12.0,12.03,11.93,11.94,4828496,57821239.6
2026-03-17 16:00:00+00:00,11.935,11.96,11.89,11.895,7369916,87849398.72000001
2026-03-17 17:00:00+00:00,11.89,11.93,11.84,11.905,5049128,60040443.33
2026-03-17 18:00:00+00:00,11.905,11.935,11.85,11.915,2153729,25632067.261249997
2026-03-17 19:00:00+00:00,11.915,11.94,11.86,11.935,6095882,72617194.325
2026-03-18 14:00:00+00:00,11.95,11.97,11.86,11.8901,4716386,56207648.06465001
2026-03-18 15:00:00+00:00,11.92,11.9299,11.89,11.915,1004440,11966621.939
2026-03-18 16:00:00+00:00,11.945,11.97,11.912,11.94,2204150,26321408.2625
2026-03-18 17:00:00+00:00,11.94,11.975,11.84,11.87,3779502,44999695.68749999
2026-03-18 18:00:00+00:00,11.88,11.9,11.8003,11.805,2816109,33360542.449425
2026-03-18 19:00:00+00:00,11.805,11.85,11.7,11.785,7628895,89906527.575
2026-03-19 14:00:00+00:00,11.5901,11.62,11.5,11.585,3127453,36196437.345075
2026-03-19 15:00:00+00:00,11.58,11.6376,11.5601,11.635,2709618,31440171.83715
2026-03-19 16:00:00+00:00,11.635,11.67,11.58,11.585,1877248,21808928.64
2026-03-19 17:00:00+00:00,11.58,11.63,11.555,11.6,2039689,23642545.12125
2026-03-19 18:00:00+00:00,11.605,11.63,11.58,11.595,700834,8131426.484999999
2026-03-19 19:00:00+00:00,11.615,11.75,11.61,11.64,4416432,51467994.42
2026-03-20 14:00:00+00:00,11.545,11.59,11.505,11.515,2184990,25212053.3625
2026-03-20 15:00:00+00:00,11.54,11.58,11.5001,11.54,1355503,15642538.507574998
2026-03-20 16:00:00+00:00,11.55,11.57,11.5,11.525,1665808,19217177.540000003
2026-03-20 17:00:00+00:00,11.52,11.52,11.505,11.505,50330,579424.125
2026-03-20 18:00:00+00:00,11.5,11.51,11.5,11.51,23043,265109.71499999997
2026-03-20 19:00:00+00:00,11.51,11.52,11.37,11.52,6137277,70455939.96000001
2026-03-23 14:00:00+00:00,11.915,11.98,11.87,11.965,3115719,37178316.9675
2026-03-23 15:00:00+00:00,11.96,12.01,11.87,11.87,2405658,28693485.794999998
2026-03-23 16:00:00+00:00,11.885,11.889,11.865,11.865,17790,211274.04
2026-03-23 17:00:00+00:00,11.8421,11.93,11.83,11.8799,1370750,16271487.875
2026-03-23 18:00:00+00:00,11.87,11.89,11.84,11.875,1426169,16926843.318749998
2026-03-23 19:00:00+00:00,11.875,11.875,11.875,11.875,975,11578.125
2026-03-24 14:00:00+00:00,11.755,11.7699,11.75,11.76,87261,1026078.102225
2026-03-24 15:00:00+00:00,11.84,11.88,11.77,11.78,1214538,14352802.815
2026-03-24 16:00:00+00:00,11.805,11.805,11.805,11.805,116,1369.3799999999999
2026-03-24 17:00:00+00:00,11.785,11.79,11.765,11.765,48809,574786.9862500001
2026-03-24 18:00:00+00:00,11.7992,11.86,11.78,11.8299,1269456,15001510.6524
2026-03-24 19:00:00+00:00,11.8201,11.88,11.82,11.85,2588320,30652244.308000002
2026-03-25 14:00:00+00:00,11.8612,11.8699,11.835,11.835,55938,662880.68295
2026-03-25 15:00:00+00:00,11.7797,11.785,11.775,11.7786,50625,596340.9843750001
2026-03-25 16:00:00+00:00,11.72,11.75,11.71,11.74,361645,4242095.850000001
2026-03-25 17:00:00+00:00,11.715,11.75,11.71,11.74,20096,235700.96
2026-03-25 18:00:00+00:00,11.725,11.725,11.72,11.725,1400,16413.25
2026-03-25 19:00:00+00:00,11.735,11.74,11.66,11.675,3309126,38725047.015
2026-03-26 14:00:00+00:00,11.675,11.68,11.672,11.675,5897,68850.4235
2026-03-26 15:00:00+00:00,11.635,11.6585,11.635,11.645,178956,2083651.8164999997
2026-03-26 16:00:00+00:00,11.625,11.63,11.56,11.5699,1282419,14871219.268275
2026-03-26 17:00:00+00:00,11.565,11.565,11.5601,11.5601,2917,33727.95835
2026-03-26 18:00:00+00:00,11.525,11.57,11.52,11.545,548161,6325777.9399999995
2026-03-26 19:00:00+00:00,11.565,11.57,11.56,11.565,20556,237730.13999999998
2026-03-27 14:00:00+00:00,11.435,11.4367,11.425,11.425,24827,283783.161475
2026-03-27 15:00:00+00:00,11.445,11.47,11.44,11.45,236375,2706789.2187499995
2026-03-27 16:00:00+00:00,11.4599,11.47,11.44,11.47,950443,10892053.018925
2026-03-27 17:00:00+00:00,11.4599,11.47,11.42,11.425,570381,6527283.309225
2026-03-27 18:00:00+00:00,11.375,11.38,11.33,11.3401,1774579,20152607.133225
2026-03-27 19:00:00+00:00,11.349,11.36,11.32,11.325,380140,4310217.39
2026-03-30 14:00:00+00:00,11.21,11.25,11.21,11.2302,330923,3714627.2211499996
2026-03-30 15:00:00+00:00,11.2701,11.32,11.26,11.3101,478193,5398822.87965
2026-03-30 16:00:00+00:00,11.275,11.275,11.275,11.275,701,7903.775000000001
2026-03-30 17:00:00+00:00,11.225,11.25,11.16,11.19,1976465,22148760.90625
2026-03-30 18:00:00+00:00,11.195,11.2069,11.19,11.205,282831,3167488.0059749996
2026-03-30 19:00:00+00:00,11.175,11.21,11.11,11.2,3811588,42589731.41500001
2026-03-31 14:00:00+00:00,11.35,11.356,11.35,11.356,1554,17642.561999999998
2026-03-31 15:00:00+00:00,11.355,11.45,11.3501,11.4067,977140,11130064.313
2026-03-31 16:00:00+00:00,11.4,11.4,11.395,11.395,27326,311448.085
2026-03-31 17:00:00+00:00,11.455,11.52,11.45,11.495,606920,6967441.6
2026-03-31 18:00:00+00:00,11.515,11.5185,11.51,11.515,7049,81166.591625
2026-03-31 19:00:00+00:00,11.53,11.54,11.49,11.51,2974535,34259206.8625
2026-04-01 14:00:00+00:00,11.625,11.6551,11.625,11.655,2312,26911.7378
2026-04-01 15:00:00+00:00,11.655,11.68,11.65,11.6671,404920,4722592.083
2026-04-01 16:00:00+00:00,11.64,11.65,11.64,11.6415,5570,64850.81375
2026-04-01 17:00:00+00:00,11.655,11.69,11.64,11.645,852039,9932644.642499998
2026-04-01 18:00:00+00:00,11.645,11.66,11.6101,11.635,1132445,13178856.998624997
2026-04-01 19:00:00+00:00,11.64,11.655,11.635,11.655,13202,153753.7925
2026-04-02 14:00:00+00:00,11.485,11.485,11.4807,11.4807,2086,23953.2251
2026-04-02 15:00:00+00:00,11.505,11.6,11.48,11.55,2073817,23918886.823750004
2026-04-02 16:00:00+00:00,11.55,11.59,11.51,11.57,1262963,14593537.465
2026-04-02 17:00:00+00:00,11.5985,11.6,11.59,11.595,40227,466467.26362499996
2026-04-02 18:00:00+00:00,11.5588,11.6,11.55,11.58,638483,7388652.972599999
2026-04-02 19:00:00+00:00,11.58,11.605,11.57,11.59,2366246,27415917.717499997
2026-04-06 14:00:00+00:00,11.56,11.63,11.51,11.5995,1541313,17840505.310875002
2026-04-06 15:00:00+00:00,11.6,11.6,11.59,11.5995,11389,132082.503875
2026-04-06 16:00:00+00:00,11.595,11.615,11.58,11.5839,1304681,15125786.556475
2026-04-06 17:00:00+00:00,11.54,11.55,11.54,11.54,30998,357794.415
2026-04-06 18:00:00+00:00,11.5493,11.565,11.54,11.565,43388,501340.7471
2026-04-06 19:00:00+00:00,11.56,11.5699,11.55,11.555,337457,3900572.6623250004
2026-04-07 14:00:00+00:00,11.445,11.52,11.4401,11.475,212824,2441096.6006
2026-04-07 15:00:00+00:00,11.415,11.455,11.39,11.445,1576547,18014020.158749998
2026-04-07 16:00:00+00:00,11.48,11.5751,11.475,11.5544,2186526,25191239.361750003
2026-04-07 17:00:00+00:00,11.5501,11.605,11.525,11.595,835173,9661928.523075001
2026-04-07 18:00:00+00:00,11.555,11.56,11.425,11.465,2663038,30628265.797500007
2026-04-07 19:00:00+00:00,11.465,11.57,11.4301,11.535,3062621,35220218.065525
2026-04-08 14:00:00+00:00,12.11,12.155,12.04,12.105,7262996,87900409.08999999
2026-04-08 15:00:00+00:00,12.135,12.14,12.09,12.095,27246,330085.29
2026-04-08 16:00:00+00:00,12.095,12.14,12.085,12.1399,577781,6999802.370475001
2026-04-08 17:00:00+00:00,12.16,12.17,12.15,12.1527,689125,8378502.346875
2026-04-08 18:00:00+00:00,12.195,12.22,12.19,12.215,76686,935952.6299999999
2026-04-08 19:00:00+00:00,12.1574,12.16,12.14,12.1564,80101,973503.49845
2026-04-09 14:00:00+00:00,11.9799,11.9799,11.97,11.9799,1450,17367.26625
2026-04-09 15:00:00+00:00,12.005,12.23,11.98,12.2,3224457,39028021.41375001
2026-04-09 16:00:00+00:00,12.2017,12.26,12.18,12.205,1500852,18327916.8471
2026-04-09 17:00:00+00:00,12.205,12.205,12.205,12.205,380,4637.9
2026-04-09 18:00:00+00:00,12.245,12.245,12.185,12.205,1154203,14104360.659999998
2026-04-09 19:00:00+00:00,12.2,12.27,12.2,12.245,3381326,41349390.3225
2026-04-10 14:00:00+00:00,12.255,12.2599,12.15,12.165,1460091,17824024.380225
2026-04-10 15:00:00+00:00,12.165,12.18,12.1,12.1103,1949096,23659735.2522
2026-04-10 16:00:00+00:00,12.115,12.1299,12.095,12.105,405287,4908522.0465750005
2026-04-10 17:00:00+00:00,12.085,12.14,12.07,12.135,983076,11902592.67
2026-04-10 18:00:00+00:00,12.135,12.19,12.13,12.1468,1348676,16387020.3042
2026-04-10 19:00:00+00:00,12.1569,12.16,12.09,12.1225,2843172,34494357.8142
2026-04-13 14:00:00+00:00,11.995,12.0,11.935,11.965,689364,8254272.194999999
2026-04-13 15:00:00+00:00,12.08,12.115,12.08,12.11,770914,9325168.4725
2026-04-13 16:00:00+00:00,12.01,12.08,12.01,12.075,724027,8720000.18125
2026-04-13 17:00:00+00:00,12.08,12.0899,12.05,12.0524,336848,4065106.9275999996
2026-04-13 18:00:00+00:00,12.055,12.12,12.05,12.1123,1385547,16743400.250774996
2026-04-13 19:00:00+00:00,12.11,12.165,12.0901,12.16,3418199,41467112.07372499
2026-04-14 14:00:00+00:00,12.675,12.74,12.63,12.635,3552075,45004790.25
2026-04-14 15:00:00+00:00,12.6384,12.66,12.6,12.645,2526472,31924121.221200004
2026-04-14 16:00:00+00:00,12.64,12.66,12.625,12.6331,468519,5921857.613475
2026-04-14 17:00:00+00:00,12.5855,12.63,12.575,12.605,1336586,16839479.94075
2026-04-14 18:00:00+00:00,12.6,12.62,12.595,12.615,376934,4752195.405
2026-04-14 19:00:00+00:00,12.615,12.73,12.613,12.725,1781318,22570635.0485
2026-04-15 14:00:00+00:00,12.595,12.595,12.52,12.535,386665,4856995.73125
2026-04-15 15:00:00+00:00,12.525,12.61,12.49,12.5714,2448133,30721865.8303
2026-04-15 16:00:00+00:00,12.585,12.675,12.585,12.665,90772,1146223.43
2026-04-15 17:00:00+00:00,12.6499,12.67,12.64,12.66,425539,5385185.406525
2026-04-15 18:00:00+00:00,12.68,12.72,12.67,12.715,1013074,12862240.772499999
2026-04-15 19:00:00+00:00,12.745,12.755,12.68,12.7,3161973,40220296.559999995
2026-04-16 14:00:00+00:00,12.615,12.62,12.455,12.4999,1716034,21531893.714149997
2026-04-16 15:00:00+00:00,12.47,12.56,12.47,12.545,1710888,21405347.490000002
2026-04-16 16:00:00+00:00,12.5499,12.56,12.54,12.5401,119451,1498811.4225
2026-04-16 17:00:00+00:00,12.48,12.48,12.45,12.455,1813401,22606310.21625
2026-04-16 18:00:00+00:00,12.4593,12.49,12.45,12.49,1500840,18718964.253
2026-04-16 19:00:00+00:00,12.49,12.51,12.42,12.435,3553896,44294871.27
2026-04-17 14:00:00+00:00,13.005,13.005,12.9501,12.955,251288,3261410.4122
2026-04-17 15:00:00+00:00,12.965,12.98,12.96,12.9701,73651,955163.247525
2026-04-17 16:00:00+00:00,12.97,13.01,12.97,12.995,220080,2858013.9
2026-04-17 17:00:00+00:00,12.985,12.985,12.87,12.885,1566794,20260604.912499998
2026-04-17 18:00:00+00:00,12.89,12.9,12.86,12.895,967731,12470423.59875
2026-04-17 19:00:00+00:00,12.895,12.895,12.86,12.8723,295428,3805282.5111000002
2026-04-20 14:00:00+00:00,12.825,12.85,12.75,12.795,1641351,21017499.555
2026-04-20 15:00:00+00:00,12.805,12.84,12.7815,12.795,1267975,16236895.365625
2026-04-20 16:00:00+00:00,12.79,12.79,12.77,12.775,437757,5595081.656249999
2026-04-20 17:00:00+00:00,12.8,12.8,12.795,12.795,502,6424.345
2026-04-20 18:00:00+00:00,12.8062,12.84,12.78,12.813,1819679,23309724.0542
2026-04-20 19:00:00+00:00,12.815,12.87,12.8,12.87,2593630,33298967.162499998
2026-04-21 14:00:00+00:00,12.995,13.025,12.87,12.875,2629442,34028266.2825
2026-04-21 15:00:00+00:00,12.8799,12.8899,12.8717,12.88,19765,254580.611875
2026-04-21 16:00:00+00:00,12.835,12.875,12.83,12.835,722956,9285466.125
2026-04-21 17:00:00+00:00,12.8399,12.86,12.83,12.855,121467,1560392.4120750001
2026-04-21 18:00:00+00:00,12.865,12.8951,12.8301,12.87,929104,11952969.4152
2026-04-21 19:00:00+00:00,12.875,12.905,12.775,12.78,2893505,37134519.79375
2026-04-22 14:00:00+00:00,12.79,12.8,12.7375,12.7375,518894,6624330.5275
2026-04-22 15:00:00+00:00,12.735,12.745,12.7301,12.745,7332,93400.69829999999
2026-04-22 16:00:00+00:00,12.6804,12.7,12.675,12.685,429523,5448542.207300001
2026-04-22 17:00:00+00:00,12.675,12.69,12.65,12.655,1275368,16155724.14
2026-04-22 18:00:00+00:00,12.655,12.66,12.575,12.595,1396760,17628857.15
2026-04-22 19:00:00+00:00,12.615,12.64,12.61,12.625,111652,1409327.37
2026-04-23 14:00:00+00:00,12.635,12.65,12.59,12.625,611962,7726020.25
2026-04-23 15:00:00+00:00,12.541,12.545,12.54,12.5425,5094,63889.584749999995
2026-04-23 16:00:00+00:00,12.5507,12.56,12.5507,12.555,2244,28171.4004
2026-04-23 17:00:00+00:00,12.585,12.585,12.37,12.46,2455404,30692550.0
2026-04-23 18:00:00+00:00,12.455,12.52,12.44,12.4601,2191514,27325494.97535
2026-04-23 19:00:00+00:00,12.47,12.47,12.46,12.46,11763,146625.795
2026-04-24 14:00:00+00:00,12.405,12.41,12.29,12.36,1795874,22208226.8525
2026-04-24 15:00:00+00:00,12.355,12.45,12.32,12.415,1414167,17514458.294999998
2026-04-24 16:00:00+00:00,12.415,12.42,12.345,12.345,882624,10927988.4
2026-04-24 17:00:00+00:00,12.32,12.325,12.32,12.325,17335,213610.53750000003
2026-04-24 18:00:00+00:00,12.365,12.39,12.335,12.3477,853716,10551438.873300001
2026-04-24 19:00:00+00:00,12.355,12.41,12.344,12.385,3346234,41404626.399
2026-04-27 14:00:00+00:00,12.515,12.56,12.51,12.5299,2115473,26504179.461925
2026-04-27 15:00:00+00:00,12.4401,12.485,12.4301,12.475,921659,11481613.07545
2026-04-27 16:00:00+00:00,12.5,12.5,12.46,12.465,520048,6490849.1
2026-04-27 17:00:00+00:00,12.44,12.44,12.435,12.44,16000,199019.99999999997
2026-04-27 18:00:00+00:00,12.4785,12.4785,12.47,12.475,3860,48155.43
2026-04-27 19:00:00+00:00,12.49,12.52,12.4601,12.4962,2791224,34866783.937800005
2026-04-28 14:00:00+00:00,12.275,12.39,12.2431,12.295,5187491,63810159.605525
2026-04-28 15:00:00+00:00,12.345,12.35,12.3,12.305,966018,11906171.850000001
2026-04-28 16:00:00+00:00,12.295,12.325,12.25,12.325,2287642,28135137.047499996
2026-04-28 17:00:00+00:00,12.325,12.36,12.32,12.355,360403,4447373.02
2026-04-28 18:00:00+00:00,12.3489,12.4,12.3489,12.395,840271,10396841.1372
2026-04-28 19:00:00+00:00,12.355,12.36,12.3501,12.3501,400,4941.5199999999995
2026-04-29 14:00:00+00:00,12.205,12.29,12.1826,12.275,2074797,25391676.90555
2026-04-29 15:00:00+00:00,12.275,12.275,12.22,12.225,758845,9294902.693750001
2026-04-29 16:00:00+00:00,12.21,12.23,12.19,12.2151,1760307,21495592.861425
2026-04-29 17:00:00+00:00,12.215,12.22,12.205,12.205,36774,449056.5075
2026-04-29 18:00:00+00:00,12.155,12.16,12.1501,12.16,12511,152087.156525
2026-04-29 19:00:00+00:00,12.1699,12.17,12.165,12.17,23011,280014.530975
2026-04-30 14:00:00+00:00,11.815,11.865,11.805,11.8613,567570,6718084.87275
2026-04-30 15:00:00+00:00,11.865,11.9,11.82,11.88,3567171,42328942.878750004
2026-04-30 16:00:00+00:00,11.8708,11.95,11.85,11.9315,2510445,29875739.005875
2026-04-30 17:00:00+00:00,11.955,11.97,11.9501,11.965,24965,298582.02412500005
2026-04-30 18:00:00+00:00,11.9,12.05,11.9,12.0401,3897214,46659492.04535
2026-04-30 19:00:00+00:00,12.055,12.0599,12.055,12.055,19350,233287.95375
2026-05-01 14:00:00+00:00,11.965,11.975,11.905,11.9051,39969,477130.936725
2026-05-01 15:00:00+00:00,11.935,11.98,11.89,11.8975,2132696,25433732.735
2026-05-01 16:00:00+00:00,11.78,11.86,11.78,11.835,3135709,37044482.198750004
2026-05-01 17:00:00+00:00,11.835,11.9,11.835,11.8914,1716508,20366968.1978
2026-05-01 18:00:00+00:00,11.845,11.86,11.84,11.852,29956,354956.13300000003
2026-05-01 19:00:00+00:00,11.875,11.88,11.8701,11.875,24337,289002.48342500004
2026-05-04 14:00:00+00:00,11.675,11.685,11.63,11.64,1881770,21936733.775000002
2026-05-04 15:00:00+00:00,11.65,11.6671,11.645,11.6601,54667,637173.95185
2026-05-04 16:00:00+00:00,11.5299,11.54,11.48,11.49,2184455,25143022.438624997
2026-05-04 17:00:00+00:00,11.465,11.51,11.455,11.46,2648806,30388426.835
2026-05-04 18:00:00+00:00,11.4657,11.5,11.46,11.4954,998814,11466659.393849999
2026-05-04 19:00:00+00:00,11.485,11.49,11.48,11.4823,34693,398425.687225
2026-05-05 14:00:00+00:00,11.745,11.75,11.72,11.745,292448,3433339.5199999996
2026-05-05 15:00:00+00:00,11.755,11.77,11.75,11.77,36320,427168.60000000003
2026-05-05 16:00:00+00:00,11.775,11.79,11.73,11.755,1248831,14689374.637500001
2026-05-05 17:00:00+00:00,11.74,11.75,11.685,11.69,2087023,24452083.223750003
2026-05-05 18:00:00+00:00,11.6901,11.7162,11.69,11.695,442497,5176252.469025
2026-05-05 19:00:00+00:00,11.715,11.76,11.68,11.685,4475600,52409276.00000001
2026-05-06 14:00:00+00:00,12.095,12.095,12.09,12.0914,11165,135016.67025
2026-05-06 15:00:00+00:00,12.0801,12.18,12.075,12.115,3525944,42708084.8486
2026-05-06 16:00:00+00:00,12.115,12.18,12.09,12.155,2167710,26305160.850000005
2026-05-06 17:00:00+00:00,12.155,12.17,12.13,12.155,993142,12069158.155
2026-05-06 18:00:00+00:00,12.1572,12.1851,12.155,12.185,26085,317469.44887500006
2026-05-06 19:00:00+00:00,12.215,12.2499,12.16,12.165,4538262,55355337.288449995
2026-05-07 14:00:00+00:00,12.23,12.25,12.23,12.2401,129182,1580867.95455
2026-05-07 15:00:00+00:00,12.16,12.19,12.16,12.18,314970,3833972.325
2026-05-07 16:00:00+00:00,12.16,12.19,12.11,12.13,1077576,13089854.46
2026-05-07 17:00:00+00:00,12.1201,12.15,12.11,12.1415,505306,6129563.9024
2026-05-07 18:00:00+00:00,12.115,12.1199,12.09,12.105,101464,1228472.8434000001
2026-05-07 19:00:00+00:00,12.075,12.19,12.075,12.18,3633696,44076732.480000004
2026-05-08 14:00:00+00:00,12.225,12.28,12.2,12.2301,1979309,24214420.961475
2026-05-08 15:00:00+00:00,12.22,12.37,12.2,12.3186,3520774,43225070.51409999
2026-05-08 16:00:00+00:00,12.315,12.335,12.26,12.285,3151225,38756128.46874999
2026-05-08 17:00:00+00:00,12.285,12.29,12.2,12.26,1550711,19009778.471249998
2026-05-08 18:00:00+00:00,12.285,12.3,12.245,12.27,1216398,14931285.449999997
2026-05-08 19:00:00+00:00,12.275,12.34,12.25,12.325,3253243,40006755.7925
2026-05-11 14:00:00+00:00,12.0899,12.09,12.04,12.045,666309,8039834.313525
2026-05-11 15:00:00+00:00,12.045,12.045,12.045,12.045,7032,84700.44
2026-05-11 16:00:00+00:00,12.065,12.1,12.03,12.0392,1268266,15293448.9743
2026-05-11 17:00:00+00:00,12.0499,12.076,12.02,12.0632,1544930,18619921.21575
2026-05-11 18:00:00+00:00,12.085,12.19,12.08,12.125,3993904,48406116.48
2026-05-11 19:00:00+00:00,12.055,12.0684,12.055,12.0684,15927,192106.69589999996
2026-05-12 14:00:00+00:00,11.945,11.955,11.9301,11.94,56030,669139.6757499999
2026-05-12 15:00:00+00:00,11.8701,11.915,11.8701,11.9101,144252,1715347.4139
2026-05-12 16:00:00+00:00,11.91,11.94,11.89,11.915,525260,6257816.325
2026-05-12 17:00:00+00:00,11.955,11.96,11.95,11.9501,2462,29430.194049999995
2026-05-12 18:00:00+00:00,11.935,11.99,11.935,11.975,1587297,18982087.99875
2026-05-12 19:00:00+00:00,11.955,12.01,11.955,11.98,3143822,37647268.45
2026-05-13 14:00:00+00:00,12.46,12.88,12.45,12.84,12307424,155781219.28000003
2026-05-13 15:00:00+00:00,12.994,13.05,12.9801,13.045,134146,1746215.3721500002
2026-05-13 16:00:00+00:00,13.3325,13.39,13.3101,13.3675,2849895,38046169.497375004
2026-05-13 17:00:00+00:00,13.6245,13.63,13.55,13.565,839776,11414550.308
2026-05-13 18:00:00+00:00,13.64,13.78,13.615,13.7,6870353,94012192.86375
2026-05-13 19:00:00+00:00,13.725,13.94,13.55,13.59,17241719,236233102.44875002
2026-05-14 14:00:00+00:00,14.5898,14.94,14.48,14.595,16125652,236260152.5824
2026-05-14 15:00:00+00:00,14.595,14.71,14.43,14.5401,7735799,112701115.076225
2026-05-14 16:00:00+00:00,14.55,14.63,14.53,14.61,1208915,17625980.7
2026-05-14 17:00:00+00:00,14.4819,14.54,14.395,14.435,4255380,61545454.5555
2026-05-14 18:00:00+00:00,14.495,14.54,14.295,14.335,7569507,109123905.28875
2026-05-14 19:00:00+00:00,14.295,14.3,14.29,14.295,36188,517307.46
2026-05-15 14:00:00+00:00,13.4919,13.52,13.4,13.455,1212558,16329185.132549997
2026-05-15 15:00:00+00:00,13.485,13.49,13.46,13.47,51291,691210.33875
2026-05-15 16:00:00+00:00,13.35,13.38,13.34,13.37,541911,7239930.96
2026-05-15 17:00:00+00:00,13.435,13.54,13.4301,13.48,2015922,27157039.640550002
2026-05-15 18:00:00+00:00,13.45,13.5,13.445,13.445,166322,2238694.1199999996
2026-05-15 19:00:00+00:00,13.485,13.49,13.485,13.485,4233,57087.29625
2026-05-18 14:00:00+00:00,13.28,13.28,13.125,13.255,3464628,45854351.580000006
2026-05-18 15:00:00+00:00,13.24,13.27,13.19,13.245,2453352,32473180.409999996
2026-05-18 16:00:00+00:00,13.1999,13.2,13.1901,13.2,14567,192247.98249999998
2026-05-18 17:00:00+00:00,13.2185,13.255,13.15,13.1526,1637377,21603593.072425
2026-05-18 18:00:00+00:00,13.095,13.12,13.015,13.055,3015975,39422563.21875
2026-05-18 19:00:00+00:00,13.1124,13.115,13.1,13.115,26533,347863.5498
2026-05-19 14:00:00+00:00,12.85,12.92,12.76,12.9196,2121976,27293704.1024
2026-05-19 15:00:00+00:00,12.875,13.18,12.87,13.175,3633687,47328773.175
2026-05-19 16:00:00+00:00,13.18,13.21,13.13,13.135,1454679,19149030.68625
2026-05-19 17:00:00+00:00,13.135,13.23,13.11,13.185,2491986,32806995.69
2026-05-19 18:00:00+00:00,13.195,13.2,13.19,13.195,9427,124389.265
2026-05-19 19:00:00+00:00,13.1341,13.1341,13.12,13.12,13184,173067.02719999998
2026-05-20 14:00:00+00:00,13.145,13.15,13.13,13.13,19903,261500.54125000004
2026-05-20 15:00:00+00:00,13.195,13.235,13.19,13.225,83688,1105623.09
2026-05-20 16:00:00+00:00,13.2872,13.288,13.24,13.255,394181,5229816.126550001
2026-05-20 17:00:00+00:00,13.255,13.29,13.24,13.28,730720,9693914.200000001
2026-05-20 18:00:00+00:00,13.23,13.31,13.22,13.295,2562510,33988492.0125
2026-05-20 19:00:00+00:00,13.295,13.3,13.26,13.265,298420,3963017.5999999996
2026-05-21 14:00:00+00:00,13.265,13.38,13.22,13.375,1612252,21459074.12
2026-05-21 15:00:00+00:00,13.465,13.5164,13.44,13.47,1735949,23388180.484649997
2026-05-21 16:00:00+00:00,13.465,13.57,13.415,13.535,4780697,64521481.88625
2026-05-21 17:00:00+00:00,13.7297,13.73,13.71,13.73,251832,3456375.3126
2026-05-21 18:00:00+00:00,13.745,13.79,13.6,13.625,5645081,77281158.89
2026-05-21 19:00:00+00:00,13.6299,13.73,13.625,13.67,6239268,85251642.1533
2026-05-22 14:00:00+00:00,14.4199,14.805,14.38,14.685,8249664,120218022.39840001
2026-05-22 15:00:00+00:00,14.67,14.69,14.665,14.68,96213,1412046.04125
2026-05-22 16:00:00+00:00,14.675,14.865,14.675,14.8444,25899,382394.85015
2026-05-22 17:00:00+00:00,14.79,14.83,14.74,14.765,1429445,21128983.90625
2026-05-22 18:00:00+00:00,14.795,14.89,14.74,14.87,4431738,65694976.1775
2026-05-22 19:00:00+00:00,14.865,14.95,14.815,14.945,11002857,163873801.44375
2026-05-26 14:00:00+00:00,15.16,15.16,15.13,15.13,55689,843409.905
2026-05-26 15:00:00+00:00,15.285,15.285,15.195,15.235,852596,13002089.0
2026-05-26 16:00:00+00:00,15.105,15.32,15.1,15.315,114039,1734533.19
2026-05-26 17:00:00+00:00,15.325,15.545,15.28,15.515,4834143,74524357.02374999
2026-05-26 18:00:00+00:00,15.52,15.52,15.25,15.3391,3775473,58169750.766075
2026-05-26 19:00:00+00:00,15.335,15.47,15.295,15.325,5224974,80236006.9875
2026-05-27 14:00:00+00:00,15.865,15.97,15.765,15.895,5685618,90252078.7275
2026-05-27 15:00:00+00:00,15.955,15.96,15.95,15.955,25755,410921.02499999997
2026-05-27 16:00:00+00:00,15.955,15.98,15.88,15.935,3598672,57353835.00000001
2026-05-27 17:00:00+00:00,15.935,15.94,15.84,15.9182,2256307,35894008.6481
2026-05-27 18:00:00+00:00,15.925,15.97,15.845,15.875,3722271,59198067.416250005
2026-05-27 19:00:00+00:00,15.8701,15.925,15.8,15.88,6883668,109235378.6667
2026-05-28 14:00:00+00:00,16.215,16.63,16.17,16.541,10380655,170128554.795
2026-05-28 15:00:00+00:00,16.5414,16.6,16.51,16.5665,2214459,36659206.15402501
2026-05-28 16:00:00+00:00,16.53,16.53,16.52,16.525,53782,888814.7774999999
2026-05-28 17:00:00+00:00,16.465,16.4857,16.44,16.4623,1385581,22811166.39825
2026-05-28 18:00:00+00:00,16.445,16.57,16.37,16.57,5690457,93828522.85875002
2026-05-28 19:00:00+00:00,16.565,16.6,16.56,16.585,1420880,23554638.2
2026-05-29 14:00:00+00:00,17.525,17.595,17.4,17.515,3149548,55144648.544999994
2026-05-29 15:00:00+00:00,17.37,17.495,17.3,17.38,5041053,87645007.72125
2026-05-29 16:00:00+00:00,17.385,17.52,17.38,17.515,2960362,51658316.9
2026-05-29 17:00:00+00:00,17.515,17.64,17.42,17.61,4732150,83031486.9375
2026-05-29 18:00:00+00:00,17.615,17.715,17.57,17.705,2274582,40149215.527499996
2026-05-29 19:00:00+00:00,17.705,17.72,17.4401,17.45,10862338,190946595.67595
2026-06-01 14:00:00+00:00,16.655,17.185,16.64,17.075,3541160,59805765.95
2026-06-01 15:00:00+00:00,17.06,17.11,16.84,16.895,5286288,89741346.66
2026-06-01 16:00:00+00:00,16.955,17.0,16.95,16.985,779077,13222884.3825
2026-06-01 17:00:00+00:00,16.955,17.01,16.9516,16.985,617063,10474891.2502
2026-06-01 18:00:00+00:00,16.985,16.99,16.71,16.725,4911416,82769638.14
2026-06-01 19:00:00+00:00,16.725,16.74,16.625,16.635,7642049,127478929.88125001
2026-06-02 14:00:00+00:00,15.96,16.605,15.8301,16.57,9350864,151869953.7116
2026-06-02 15:00:00+00:00,16.5608,16.75,16.0,16.655,2136077,35227007.04165
2026-06-02 16:00:00+00:00,16.495,16.51,16.31,16.325,2501013,41041623.33
2026-06-02 17:00:00+00:00,16.3211,16.34,16.32,16.335,32127,524602.5861750001
2026-06-02 18:00:00+00:00,16.295,16.355,16.27,16.315,1906462,31092012.1425
2026-06-02 19:00:00+00:00,16.32,16.39,16.125,16.165,5603211,91052178.75
2026-06-03 14:00:00+00:00,15.86,16.0295,15.83,15.915,1414270,22499091.07875
2026-06-03 15:00:00+00:00,15.8988,15.95,15.79,15.8601,3116538,49474183.70204999
2026-06-03 16:00:00+00:00,15.905,15.94,15.71,15.7149,3494638,55276349.19905
2026-06-03 17:00:00+00:00,15.695,15.7,15.66,15.68,1468946,23038581.8275
2026-06-03 18:00:00+00:00,15.705,15.75,15.68,15.735,3744699,58857306.5325
2026-06-03 19:00:00+00:00,15.73,15.755,15.66,15.75,5153022,81024829.6725
2026-06-04 14:00:00+00:00,15.6296,15.63,15.465,15.495,3574324,55598252.38759999
2026-06-04 15:00:00+00:00,15.505,15.5075,15.31,15.385,3717283,57346060.18062501
2026-06-04 16:00:00+00:00,15.385,15.46,15.35,15.395,1428643,21997530.5925
2026-06-04 17:00:00+00:00,15.395,15.42,15.31,15.3597,2157241,33159328.928175002
2026-06-04 18:00:00+00:00,15.355,15.355,15.26,15.3001,1758484,26935622.6321
2026-06-04 19:00:00+00:00,15.245,15.38,15.22,15.365,6227318,95293533.69500001
2026-06-05 14:00:00+00:00,15.013,15.06,15.013,15.0175,122228,1836582.6494999998
2026-06-05 15:00:00+00:00,14.995,15.0,14.855,14.925,3208995,47954419.03124999
2026-06-05 16:00:00+00:00,14.9,14.93,14.6801,14.735,2554502,37835431.61004999
2026-06-05 17:00:00+00:00,14.735,14.7999,14.72,14.775,2270558,33507702.921049997
2026-06-05 18:00:00+00:00,14.775,14.79,14.74,14.745,114523,1690645.7874999999
2026-06-05 19:00:00+00:00,14.73,14.93,14.7,14.91,4101800,60778421.49999999
2026-06-08 14:00:00+00:00,14.945,15.07,14.94,15.042,1225724,18384940.707
2026-06-08 15:00:00+00:00,15.0746,15.14,15.04,15.115,2065698,31176340.4952
2026-06-08 16:00:00+00:00,15.11,15.16,15.08,15.095,2048265,30951844.48125
2026-06-08 17:00:00+00:00,15.095,15.13,15.04,15.11,2065645,31178329.21875
2026-06-08 18:00:00+00:00,15.105,15.17,15.1,15.126,483368,7311061.842
2026-06-08 19:00:00+00:00,15.135,15.16,15.06,15.065,1223313,18478142.865000002
2026-06-09 14:00:00+00:00,15.26,15.31,15.025,15.065,3822088,57961964.519999996
2026-06-09 15:00:00+00:00,15.065,15.07,14.69,14.69,5034469,74906605.63374999
2026-06-09 16:00:00+00:00,14.691,14.765,14.49,14.585,3801447,55625623.589250006
2026-06-09 17:00:00+00:00,14.765,14.7699,14.7601,14.765,15236,224959.54
2026-06-09 18:00:00+00:00,14.83,14.835,14.83,14.835,7450,110502.125
2026-06-09 19:00:00+00:00,14.88,14.975,14.835,14.9299,2905777,43310533.540575
2026-06-10 14:00:00+00:00,14.695,14.73,14.49,14.559,2773207,40540126.5295
2026-06-10 15:00:00+00:00,14.515,14.5801,14.51,14.525,428868,6232534.9317
2026-06-10 16:00:00+00:00,14.45,14.46,14.45,14.45,6600,95386.5
2026-06-10 17:00:00+00:00,14.405,14.415,14.39,14.405,121417,1748860.11375
2026-06-10 18:00:00+00:00,14.415,14.415,14.405,14.41,13837,199408.46625
2026-06-10 19:00:00+00:00,14.295,14.31,14.28,14.295,296846,4243413.57
2026-06-11 14:00:00+00:00,14.295,14.315,14.24,14.295,885506,12650560.092500001
2026-06-11 15:00:00+00:00,14.31,14.415,14.26,14.325,2363206,33858833.965
2026-06-11 16:00:00+00:00,14.32,14.365,14.285,14.285,1517333,21718725.228749998
2026-06-11 17:00:00+00:00,14.285,14.625,14.28,14.555,2923047,42197837.25375
2026-06-11 18:00:00+00:00,14.555,14.61,14.44,14.605,2472234,35977185.285
2026-06-11 19:00:00+00:00,14.6092,14.78,14.59,14.715,6246865,91663685.92074999
2026-06-12 14:00:00+00:00,14.67,14.83,14.61,14.815,3642613,53660242.756249994
2026-06-12 15:00:00+00:00,14.82,14.82,14.73,14.74,2302870,34030661.425000004
2026-06-12 16:00:00+00:00,14.662,14.82,14.65,14.82,1932122,28475614.036
2026-06-12 17:00:00+00:00,14.815,14.95,14.8,14.895,2355246,35010731.79
2026-06-12 18:00:00+00:00,14.84,14.845,14.815,14.82,134407,1993255.81
2026-06-12 19:00:00+00:00,14.795,14.84,14.745,14.83,3095707,45824202.86749999
2026-06-15 14:00:00+00:00,14.875,14.88,14.855,14.86,35667,530279.1224999999
2026-06-15 15:00:00+00:00,14.7972,14.83,14.795,14.8273,82766,1225961.0292500001
2026-06-15 16:00:00+00:00,14.88,14.89,14.88,14.885,44519,662609.66625
2026-06-15 17:00:00+00:00,14.915,14.95,14.9,14.935,2982924,44520140.7
2026-06-15 18:00:00+00:00,14.845,14.8499,14.83,14.835,48187,715093.875325
2026-06-15 19:00:00+00:00,14.82,14.84,14.735,14.79,3915449,57933962.26624999
2026-06-16 14:00:00+00:00,14.78,14.81,14.5914,14.635,2871210,42218558.960999995
2026-06-16 15:00:00+00:00,14.635,14.78,14.63,14.745,1393488,20480789.88
2026-06-16 16:00:00+00:00,14.655,14.705,14.655,14.675,669673,9825777.0925
2026-06-16 17:00:00+00:00,14.61,14.63,14.57,14.585,2412652,35221703.385000005
2026-06-16 18:00:00+00:00,14.525,14.5261,14.52,14.52,2065,29989.530375
2026-06-16 19:00:00+00:00,14.4501,14.49,14.415,14.44,5528828,79884791.7857
2026-06-17 14:00:00+00:00,14.385,14.43,14.285,14.315,1521030,21832484.362499997
2026-06-17 15:00:00+00:00,14.4099,14.43,14.4,14.41,448745,6467526.093875
2026-06-17 16:00:00+00:00,14.415,14.48,14.4,14.43,2474173,35705409.10625
2026-06-17 17:00:00+00:00,14.435,14.44,14.31,14.345,3578812,51472263.59
2026-06-17 18:00:00+00:00,14.34,14.345,14.07,14.215,4141258,58981867.065
2026-06-17 19:00:00+00:00,14.22,14.245,13.93,13.97,4755177,67006387.90125
2026-06-18 14:00:00+00:00,13.895,13.94,13.72,13.815,3878130,53683014.525
2026-06-18 15:00:00+00:00,13.858,13.86,13.85,13.855,44574,617606.2005
2026-06-18 16:00:00+00:00,13.985,13.99,13.96,13.975,1295938,18113973.395
2026-06-18 17:00:00+00:00,14.045,14.125,14.0401,14.1001,4576641,64427892.509550005
2026-06-18 18:00:00+00:00,14.1032,14.11,14.0,14.035,3680844,51760212.3702
2026-06-18 19:00:00+00:00,14.035,14.1,13.95,14.038,4715073,66156010.494749986
2026-06-22 14:00:00+00:00,14.455,14.55,14.4326,14.485,1292184,18711664.2396
2026-06-22 15:00:00+00:00,14.515,14.56,14.335,14.355,5220572,75391585.395
2026-06-22 16:00:00+00:00,14.355,14.3597,14.265,14.2944,5657302,81004220.11955
2026-06-22 17:00:00+00:00,14.28,14.29,14.2,14.205,5560039,79195805.50625
2026-06-22 18:00:00+00:00,14.205,14.21,14.05,14.0501,5744507,81162846.888925
2026-06-22 19:00:00+00:00,14.054,14.1,13.95,14.095,5356845,75262333.03875
2026-06-23 14:00:00+00:00,13.95,13.96,13.94,13.955,50121,699250.60125
2026-06-23 15:00:00+00:00,13.955,14.07,13.94,14.055,4707164,65923831.81999999
2026-06-23 16:00:00+00:00,14.06,14.105,14.03,14.095,8715157,122644046.8825
2026-06-23 17:00:00+00:00,14.1,14.2151,14.1,14.105,9101852,128609396.3063
2026-06-23 18:00:00+00:00,14.101,14.12,14.02,14.0436,5589192,78646359.01079999
2026-06-23 19:00:00+00:00,14.04,14.095,14.03,14.075,2412139,33914674.339999996
2026-06-24 14:00:00+00:00,13.965,13.975,13.945,13.9499,32879,458948.919275
2026-06-24 15:00:00+00:00,13.91,13.92,13.9,13.915,66708,927991.6649999999
2026-06-24 16:00:00+00:00,13.8486,13.905,13.84,13.8998,1043575,14477881.226249998
2026-06-24 17:00:00+00:00,13.8129,13.815,13.81,13.815,9707,134084.975075
2026-06-24 18:00:00+00:00,13.805,13.85,13.77,13.79,2746994,37918818.427499995
2026-06-24 19:00:00+00:00,13.825,13.8877,13.79,13.86,2490710,34473107.62925
2026-06-25 14:00:00+00:00,14.165,14.165,14.15,14.155,40308,570710.895
2026-06-25 15:00:00+00:00,14.23,14.235,14.22,14.2201,10501,149390.113775
2026-06-25 16:00:00+00:00,14.32,14.33,14.215,14.2542,3318409,47386216.838199995
2026-06-25 17:00:00+00:00,14.25,14.3196,14.145,14.185,6498480,92440228.15200001
2026-06-25 18:00:00+00:00,14.185,14.195,14.09,14.1021,3660115,51765097.947875
2026-06-25 19:00:00+00:00,14.105,14.16,14.1,14.15,1884146,26620627.7975
2026-06-26 14:00:00+00:00,14.21,14.31,14.2,14.2701,2134511,30411498.835274998
2026-06-26 15:00:00+00:00,14.31,14.345,14.26,14.31,1657484,23712380.475
2026-06-26 16:00:00+00:00,14.39,14.39,14.22,14.245,5334772,76347255.785
2026-06-26 17:00:00+00:00,14.215,14.215,14.215,14.215,1311,18635.865
2026-06-26 18:00:00+00:00,14.16,14.185,14.08,14.085,3412097,48204400.3675
2026-06-26 19:00:00+00:00,14.09,14.145,14.02,14.11,3541475,49903809.59374999
2026-06-29 14:00:00+00:00,14.085,14.148,14.05,14.0525,1962317,27637027.338375002
2026-06-29 15:00:00+00:00,14.05,14.08,13.965,14.05,4015015,56355754.293749996
2026-06-29 16:00:00+00:00,14.05,14.19,14.045,14.115,6374465,89879956.50000001
2026-06-29 17:00:00+00:00,14.11,14.25,14.11,14.23,3885352,55074864.6
2026-06-29 18:00:00+00:00,14.23,14.23,14.17,14.175,2308431,32782605.738750003
2026-06-29 19:00:00+00:00,14.18,14.19,14.03,14.035,3576640,50461919.6
2026-06-30 14:00:00+00:00,14.0131,14.0173,14.01,14.0173,60914,853674.68445
2026-06-30 15:00:00+00:00,13.995,14.03,13.96,13.975,2908834,40694587.660000004
2026-06-30 16:00:00+00:00,13.94,14.03,13.925,13.9999,5301683,74084260.27917498
2026-06-30 17:00:00+00:00,13.995,14.01,13.98,13.995,555490,7774082.55
2026-06-30 18:00:00+00:00,13.9201,13.9399,13.86,13.873,3127115,43461426.04875
2026-06-30 19:00:00+00:00,13.874,13.9,13.79,13.9,5191353,71983300.698
2026-07-01 14:00:00+00:00,13.74,13.7698,13.545,13.58,3391663,46325707.4181
2026-07-01 15:00:00+00:00,13.815,13.82,13.77,13.795,909166,12546490.8
2026-07-01 16:00:00+00:00,13.855,13.88,13.78,13.795,1040811,14391814.102500001
2026-07-01 17:00:00+00:00,13.7899,13.7998,13.7899,13.795,7140,98486.661
2026-07-01 18:00:00+00:00,13.765,13.775,13.68,13.705,1742119,23921471.518749997
2026-07-01 19:00:00+00:00,13.705,13.7699,13.65,13.65,2840833,38901585.872925
2026-07-02 14:00:00+00:00,13.7602,13.77,13.45,13.45,2689114,36592253.2107
2026-07-02 15:00:00+00:00,13.365,13.38,13.28,13.3508,2479168,33081893.8336
2026-07-02 16:00:00+00:00,13.24,13.2483,13.24,13.2483,54856,726521.0924000001
2026-07-02 17:00:00+00:00,13.265,13.285,13.225,13.2401,3554483,47110317.923324995
2026-07-02 18:00:00+00:00,13.24,13.375,13.23,13.34,2920332,38829464.355000004
2026-07-02 19:00:00+00:00,13.3323,13.365,13.27,13.345,2819047,37572469.844524994
2026-07-06 14:00:00+00:00,13.59,13.65,13.53,13.585,1035393,14069696.62875
2026-07-06 15:00:00+00:00,13.6284,13.745,13.59,13.745,5643031,77180299.2901
2026-07-06 16:00:00+00:00,13.72,13.83,13.72,13.83,5715533,78731467.075
2026-07-06 17:00:00+00:00,13.8299,13.88,13.7901,13.8099,5716354,79042742.02615
2026-07-06 18:00:00+00:00,13.81,13.895,13.8,13.8284,2587243,35790237.95405
2026-07-06 19:00:00+00:00,13.83,13.85,13.8,13.85,5082258,70300333.78500001
2026-07-07 14:00:00+00:00,13.65,13.6899,13.605,13.63,681710,9301063.76975
2026-07-07 15:00:00+00:00,13.72,13.75,13.605,13.63,3088700,42241833.37500001
2026-07-07 16:00:00+00:00,13.6299,13.68,13.595,13.6799,2721058,37132101.6796
2026-07-07 17:00:00+00:00,13.68,13.74,13.62,13.65,4970839,67963796.22749999
2026-07-07 18:00:00+00:00,13.64,13.66,13.5632,13.585,3963802,53955471.0141
2026-07-07 19:00:00+00:00,13.58,13.635,13.55,13.565,5603314,76107012.405
2026-07-08 14:00:00+00:00,13.48,13.54,13.395,13.395,425835,5728545.3375
2026-07-08 15:00:00+00:00,13.395,13.4,13.31,13.365,822130,10989822.775
2026-07-08 16:00:00+00:00,13.39,13.515,13.375,13.5099,7599029,102187752.50177501
2026-07-08 17:00:00+00:00,13.505,13.53,13.43,13.445,2891787,38974059.292500004
2026-07-08 18:00:00+00:00,13.45,13.49,13.41,13.4396,2051252,27584006.144799996
2026-07-08 19:00:00+00:00,13.435,13.535,13.43,13.48,4434735,59735880.449999996
2026-07-09 14:00:00+00:00,13.49,13.6,13.435,13.59,3532352,47788307.12
2026-07-09 15:00:00+00:00,13.595,13.595,13.59,13.5901,12561,170735.70652500002
2026-07-09 16:00:00+00:00,13.645,13.68,13.63,13.655,2845134,38843191.935
2026-07-09 17:00:00+00:00,13.655,13.745,13.63,13.6914,3972260,54341907.091000006
2026-07-09 18:00:00+00:00,13.6961,13.72,13.65,13.695,4428354,60625384.05735
2026-07-09 19:00:00+00:00,13.695,13.7,13.58,13.62,2813507,38400853.66625
2026-07-10 14:00:00+00:00,13.825,14.035,13.785,13.97,4651249,64669803.28375
2026-07-10 15:00:00+00:00,13.98,14.095,13.92,14.09,7151777,100276853.26125002
2026-07-10 16:00:00+00:00,14.085,14.1,13.99,14.045,3874965,54462633.075
2026-07-10 17:00:00+00:00,14.06,14.07,14.005,14.035,2942224,41316180.52
2026-07-10 18:00:00+00:00,14.035,14.06,14.0,14.025,2100105,29464473.15
2026-07-10 19:00:00+00:00,14.025,14.055,13.98,13.995,3260243,45688230.34125
2026-07-13 14:00:00+00:00,14.2,14.22,14.05,14.07,3450764,48776549.14
2026-07-13 15:00:00+00:00,14.035,14.04,14.035,14.04,3738,52472.174999999996
2026-07-13 16:00:00+00:00,13.98,13.98,13.97,13.975,2196,30691.845
2026-07-13 17:00:00+00:00,13.945,13.95,13.92,13.94,920186,12826242.607499998
2026-07-13 18:00:00+00:00,13.935,13.94,13.84,13.865,4357283,60544447.285000004
2026-07-13 19:00:00+00:00,13.865,13.9,13.82,13.86,5162296,71555875.43
2026-07-14 14:00:00+00:00,13.91,13.935,13.91,13.925,121720,1694342.3999999997
2026-07-14 15:00:00+00:00,13.945,13.95,13.79,13.805,6852791,95065343.14750001
2026-07-14 16:00:00+00:00,13.805,13.8564,13.78,13.7801,5326075,73528462.653125
2026-07-14 17:00:00+00:00,13.7801,13.82,13.76,13.815,3790884,52290600.94709999
2026-07-14 18:00:00+00:00,13.815,13.86,13.805,13.85,513376,7101273.52
2026-07-14 19:00:00+00:00,13.851,13.95,13.82,13.925,2665535,37014951.7775
2026-07-15 14:00:00+00:00,14.085,14.2,14.085,14.1997,967518,13683050.75115
2026-07-15 15:00:00+00:00,14.27,14.375,14.21,14.255,9110622,130076905.60500002
2026-07-15 16:00:00+00:00,14.255,14.27,14.16,14.215,7516648,106924317.80000001
2026-07-15 17:00:00+00:00,14.22,14.285,14.16,14.27,5491480,78164353.45
2026-07-15 18:00:00+00:00,14.27,14.28,14.16,14.17,2831286,40260886.919999994
2026-07-15 19:00:00+00:00,14.165,14.21,14.14,14.2,3492121,49513910.628750004
2026-07-16 14:00:00+00:00,14.1503,14.265,14.1201,14.2199,1041518,14777916.636350002
2026-07-16 15:00:00+00:00,14.165,14.17,14.145,14.145,108180,1531423.125
2026-07-16 16:00:00+00:00,14.1259,14.16,14.08,14.155,2480239,35046335.123775
2026-07-16 17:00:00+00:00,14.15,14.17,14.15,14.1636,20751,293800.9584
2026-07-16 18:00:00+00:00,14.115,14.115,14.11,14.1126,11662,164587.5553
2026-07-16 19:00:00+00:00,14.105,14.19,14.09,14.18,2947116,41675904.135000005
2026-07-17 14:00:00+00:00,14.395,14.45,14.335,14.385,1104708,15898129.004999999
2026-07-17 15:00:00+00:00,14.255,14.255,14.255,14.255,1437,20484.435
2026-07-17 16:00:00+00:00,14.37,14.375,14.36,14.3693,48373,695051.078475
2026-07-17 17:00:00+00:00,14.42,14.49,14.35,14.35,4185949,60288130.4725
2026-07-17 18:00:00+00:00,14.355,14.375,14.31,14.3408,3329328,47759876.0256
2026-07-17 19:00:00+00:00,14.345,14.345,14.21,14.215,4174931,59612796.01625001
2026-07-20 14:00:00+00:00,14.1199,14.13,14.095,14.115,333619,4709023.844525
2026-07-20 15:00:00+00:00,14.115,14.2099,14.05,14.08,4173662,58905917.710949995
2026-07-20 16:00:00+00:00,14.0581,14.1,14.03,14.035,3331128,46821585.6642
2026-07-20 17:00:00+00:00,14.04,14.065,13.9937,14.03,3255433,45680805.556774996
2026-07-20 18:00:00+00:00,14.0326,14.09,14.03,14.065,1063226,14943003.4944
2026-07-20 19:00:00+00:00,14.02,14.055,13.94,14.005,4266488,59752164.440000005
2026-07-21 14:00:00+00:00,14.225,14.29,14.1801,14.255,3632782,51721824.54455
2026-07-21 15:00:00+00:00,14.2216,14.265,14.22,14.2609,16660,237269.6375
2026-07-21 16:00:00+00:00,14.365,14.41,14.35,14.385,4834142,69502876.605
2026-07-21 17:00:00+00:00,14.385,14.42,14.35,14.351,4911669,70612609.3785
2026-07-21 18:00:00+00:00,14.3501,14.37,14.25,14.265,7824103,111953329.403825
2026-07-21 19:00:00+00:00,14.265,14.3,14.24,14.275,4047272,57754571.44
2026-07-22 14:00:00+00:00,14.655,14.69,14.43,14.435,1742144,25352550.56
2026-07-22 15:00:00+00:00,14.43,14.44,14.345,14.395,8921040,128485278.6
2026-07-22 16:00:00+00:00,14.395,14.51,14.39,14.465,8923501,128855354.44000001
2026-07-22 17:00:00+00:00,14.4601,14.48,14.415,14.44,5974047,86317660.942425
2026-07-22 18:00:00+00:00,14.44,14.445,14.38,14.405,3105354,44771441.295
2026-07-22 19:00:00+00:00,14.385,14.43,14.31,14.405,6534958,93989033.435
2026-07-23 14:00:00+00:00,14.125,14.13,14.02,14.095,2004141,28243357.0425
2026-07-23 15:00:00+00:00,14.115,14.15,14.03,14.1285,9013917,127149186.46237502
2026-07-23 16:00:00+00:00,14.125,14.18,14.0945,14.1697,9962247,140889085.7481
2026-07-23 17:00:00+00:00,14.175,14.19,14.06,14.08,10170126,143665742.4075
2026-07-23 18:00:00+00:00,14.07,14.08,14.03,14.065,3282954,46162436.9325
2026-07-23 19:00:00+00:00,14.07,14.175,14.04,14.145,3589248,50635316.16
2026-07-24 14:00:00+00:00,14.2868,14.4,14.27,14.3901,3807718,54590205.843550004
2026-07-24 15:00:00+00:00,14.385,14.39,14.375,14.38,45726,657654.1950000001
2026-07-24 16:00:00+00:00,14.495,14.495,14.36,14.385,14419493,208127357.08874997
2026-07-24 17:00:00+00:00,14.385,14.39,14.3129,14.345,12277682,176285720.63445
2026-07-24 18:00:00+00:00,14.345,14.35,14.245,14.285,6384645,91340327.53124999
2026-07-24 19:00:00+00:00,14.285,14.36,14.2628,14.355,5950772,85189466.72039999
2026-07-27 14:00:00+00:00,14.6602,14.805,14.41,14.485,5925511,86453501.76555
2026-07-27 15:00:00+00:00,14.48,14.56,14.34,14.3501,8214319,118553364.32547499
2026-07-27 16:00:00+00:00,14.355,14.5499,14.3499,14.4514,5226119,75394867.05945
2026-07-27 17:00:00+00:00,14.45,14.5,14.41,14.46,4218944,60984835.52
2026-07-27 18:00:00+00:00,14.46,14.5,14.43,14.475,2957280,42780751.800000004
2026-07-27 19:00:00+00:00,14.495,14.69,14.485,14.685,4100988,59828288.685
2026-07-28 14:00:00+00:00,14.8,14.81,14.715,14.745,4686169,69203000.7075
2026-07-28 15:00:00+00:00,14.745,14.99,14.73,14.95,5844720,86816009.7
2026-07-28 16:00:00+00:00,14.945,14.9459,14.83,14.8899,5580979,83171655.74329999
2026-07-28 17:00:00+00:00,14.885,14.89,14.725,14.765,6540096,96899697.36
2026-07-28 18:00:00+00:00,14.765,14.91,14.735,14.805,6793785,100573494.69375
2026-07-28 19:00:00+00:00,14.8001,15.02,14.8001,14.955,9462514,140932791.01319999
2026-07-29 14:00:00+00:00,16.105,16.29,15.64,15.79,11369702,181417807.5375
2026-07-29 15:00:00+00:00,15.785,15.83,15.48,15.575,8316110,130292653.425
2026-07-29 16:00:00+00:00,15.5701,15.595,15.42,15.465,3414382,52965686.13455
2026-07-29 17:00:00+00:00,15.43,15.43,15.425,15.4281,1879,28989.728724999997
2026-07-29 18:00:00+00:00,15.435,15.75,15.435,15.62,5854781,91100392.36
2026-07-29 19:00:00+00:00,15.535,15.535,15.495,15.53,160185,2486671.89375
