split,symbol,idx,date,kronos,v20,v60,v256,ewma,realised
train,F,256,2017-01-09 00:00:00+00:00,0.00807301145037425,0.01839382590032408,0.015935900252201523,0.01707388853632579,0.017656708277151146,0.013698586595067414
train,F,327,2017-04-21 00:00:00+00:00,0.003427034113241893,0.01063201478766953,0.01183056014262564,0.014946487918905899,0.012638941680113642,0.012887529420542734
train,F,398,2017-08-02 00:00:00+00:00,0.003972229982377441,0.01208189832792719,0.010975052225643865,0.014008311509182629,0.012108405655683614,0.007248149315260704
train,F,469,2017-11-10 00:00:00+00:00,0.0062896168581678975,0.010115586280242348,0.009269307378470829,0.012380032660821074,0.00973855449297309,0.009466416110138294
train,F,540,2018-02-26 00:00:00+00:00,0.006664538092414473,0.02146831444525303,0.017945228506887616,0.01274065381069953,0.018278271267520612,0.01573467518348427
train,F,611,2018-06-07 00:00:00+00:00,0.007779511007914028,0.010091072684657764,0.013535176448424151,0.01316650084183868,0.012847519497353348,0.008104570983270143
train,F,682,2018-09-18 00:00:00+00:00,0.004004195811367945,0.014354736897805581,0.013917289990404222,0.013908235340655026,0.013687852137718363,0.014780720066631595
train,F,753,2018-12-31 00:00:00+00:00,0.0042341074510801255,0.020367288197675883,0.02293311276103612,0.017342777601117527,0.02107811470400261,0.026829341962135673
train,F,824,2019-04-12 00:00:00+00:00,0.01562593342719246,0.013963408980124334,0.017946133468852456,0.017517236385751735,0.016330382810389902,0.024923436470686854
train,F,895,2019-07-25 00:00:00+00:00,0.012567543575126771,0.012839210846587366,0.01258357577845862,0.018862873583233315,0.014378378224352057,0.020912692194163536
train,F,966,2019-11-04 00:00:00+00:00,0.005941227150803944,0.022199153219448074,0.016993136947214032,0.018518210638067356,0.019350898805634672,0.01197540016402132
train,F,1037,2020-02-18 00:00:00+00:00,0.004813843479992212,0.02480438609117636,0.016705634020325648,0.016832025027561263,0.02005021601044193,0.047035718756893746
train,F,1108,2020-05-29 00:00:00+00:00,0.010209644213193071,0.03621367969198507,0.05581806035126766,0.030722721979042616,0.04404232427879235,0.04730393919403796
train,F,1179,2020-09-09 00:00:00+00:00,0.038925967172579144,0.01769677877991539,0.021016482474465758,0.033703263883493054,0.025588816464671402,0.020321990959037816
train,F,1250,2020-12-18 00:00:00+00:00,0.016718638127618955,0.02241394270784749,0.02302500040649553,0.03494129818359908,0.02301125171882214,0.02275244744608587
train,F,1321,2021-04-05 00:00:00+00:00,0.043989584631729736,0.025927472291985443,0.027372764068003416,0.02922727824297162,0.02556329817875774,0.030979288664377637
train,F,1392,2021-07-15 00:00:00+00:00,0.014270909243138834,0.016325787670642106,0.02863335356455429,0.0246962325751275,0.024468720733148323,0.024369327691798698
train,F,1463,2021-10-25 00:00:00+00:00,0.015970366578793027,0.019927984609847325,0.021295412284505558,0.024825963685616903,0.021805400606329604,0.029432106674245718
train,F,1534,2022-02-04 00:00:00+00:00,0.01020756639292278,0.029589247601874515,0.03139529792512069,0.026849581271683073,0.032001901532336514,0.03972692939425699
train,F,1605,2022-05-18 00:00:00+00:00,0.009724993136626385,0.03309840919087941,0.030992435613737546,0.028919903347317578,0.03233855138553888,0.031999634284514786
train,F,1676,2022-08-30 00:00:00+00:00,0.028968771087664612,0.024639746077035618,0.030325911444296354,0.030094062938291626,0.028868487140709383,0.03306575913931247
train,F,1747,2022-12-09 00:00:00+00:00,0.010807581156719252,0.022156751630747405,0.030176740843602383,0.031001755632410793,0.02467052220049298,0.029433300025027535
train,INTC,256,2017-01-09 00:00:00+00:00,0.008654289839024408,0.009091579172052345,0.012942055910957408,0.014328335600473923,0.011222029513123797,0.009405053774074341
train,INTC,327,2017-04-21 00:00:00+00:00,0.007522311402801893,0.00547689014318765,0.00784542229065342,0.011350537471809998,0.007562799263864354,0.011932390784818506
train,INTC,398,2017-08-02 00:00:00+00:00,0.005449478129156365,0.010484095880768598,0.009792676353918405,0.010418358483434505,0.010185149304606542,0.007100490276169323
train,INTC,469,2017-11-10 00:00:00+00:00,0.002683593516480512,0.01800517958128373,0.012502699397128439,0.010443376933429893,0.014366632056791662,0.010856130437153331
train,INTC,540,2018-02-26 00:00:00+00:00,0.011350555875417969,0.032637551248193696,0.02259324829314619,0.014215050108048471,0.023661420338368058,0.01805257322613205
train,INTC,611,2018-06-07 00:00:00+00:00,0.01095168613668277,0.013159447627563011,0.02078843670191127,0.017314961403406343,0.018194941549097062,0.016743773706229845
train,INTC,682,2018-09-18 00:00:00+00:00,0.005485807902719822,0.012604533229597575,0.016946131387220172,0.01884692616092806,0.01555480247424333,0.018816565751251877
train,INTC,753,2018-12-31 00:00:00+00:00,0.004275246147668413,0.027364057686923165,0.02412702528106413,0.02120115916781331,0.023978439976430444,0.02574945232213295
train,INTC,824,2019-04-12 00:00:00+00:00,0.009097241467666158,0.011142503478049282,0.014662428098666523,0.018754945645111168,0.01434027895402316,0.027113730633568252
train,INTC,895,2019-07-25 00:00:00+00:00,0.008806492807891444,0.0125957195121222,0.01634804167156556,0.019673100219787347,0.015822054053383973,0.017151229786361993
train,INTC,966,2019-11-04 00:00:00+00:00,0.009309294177230535,0.020212887148310394,0.01808551923217287,0.01925202374796616,0.018785787541741823,0.008214451764814987
train,INTC,1037,2020-02-18 00:00:00+00:00,0.008466858734282748,0.02584590433815713,0.016880118860673306,0.016941752479098366,0.01874417578562197,0.0756566154036123
train,INTC,1108,2020-05-29 00:00:00+00:00,0.007273206101687711,0.022151684552404235,0.05515708366403863,0.030789298728251254,0.03865642766272792,0.019122047521953702
train,INTC,1179,2020-09-09 00:00:00+00:00,0.008283834630947978,0.01584615223144375,0.026673539236662124,0.03269547838962211,0.026776436671342514,0.013210478886531015
train,INTC,1250,2020-12-18 00:00:00+00:00,0.004578609680260122,0.01458373434681159,0.021146167843149596,0.03342828655882453,0.019638049513434216,0.02907833677401441
train,INTC,1321,2021-04-05 00:00:00+00:00,0.02012939751118643,0.023228359779285036,0.02821480373695213,0.025926000633559758,0.024992170995625434,0.02050484015672173
train,INTC,1392,2021-07-15 00:00:00+00:00,0.01780214638560561,0.012626261705761331,0.014197228032009065,0.023498440238638278,0.014457571807769841,0.016238235589634983
train,INTC,1463,2021-10-25 00:00:00+00:00,0.005388522869619283,0.030468972954304917,0.01901679358931156,0.021905634112563556,0.025845272961173574,0.010087090003754684
train,INTC,1534,2022-02-04 00:00:00+00:00,0.00349939630390272,0.022881253254760245,0.01799833639086352,0.018324027007316165,0.02074799407875442,0.023454390153793803
train,INTC,1605,2022-05-18 00:00:00+00:00,0.004782161477377518,0.028295820861636574,0.02453197342864756,0.019194140122743415,0.02505479935028032,0.023640877561380638
train,INTC,1676,2022-08-30 00:00:00+00:00,0.008592531284422738,0.02077521316971245,0.023728978980033684,0.02174489735204017,0.024023173817432738,0.020195222409950524
train,INTC,1747,2022-12-09 00:00:00+00:00,0.008196088306270694,0.026486573723484477,0.026951269706780447,0.023996373282048428,0.02622720975749035,0.020785792978861763
train,PFE,256,2017-01-09 00:00:00+00:00,0.0069174282446928595,0.009640369804722743,0.014475663103036945,0.011818999730316842,0.012347698140506782,0.008001520654687943
train,PFE,327,2017-04-21 00:00:00+00:00,0.00664973227922297,0.003918616927359166,0.005883029434861856,0.009995239111008596,0.006343023871265528,0.0050901621068115245
train,PFE,398,2017-08-02 00:00:00+00:00,0.004660439520944223,0.0051923832824265345,0.007351858886800448,0.00970695509124806,0.006382360643058312,0.006729000901349935
train,PFE,469,2017-11-10 00:00:00+00:00,0.004272904753530155,0.00655790681135912,0.00791435094389619,0.009069376662309288,0.00705562159297728,0.005514314368118208
train,PFE,540,2018-02-26 00:00:00+00:00,0.004215118363047931,0.022771374759424073,0.014218867274609517,0.009001158215962085,0.01551824486128005,0.012905551488900916
train,PFE,611,2018-06-07 00:00:00+00:00,0.004242901507336409,0.005603510946615375,0.010094633706446721,0.010125343735730187,0.00954674247624597,0.005405778377456402
train,PFE,682,2018-09-18 00:00:00+00:00,0.0033172809890532626,0.006736136182512955,0.008465674792211322,0.010233178715471103,0.008251863259534207,0.013423281783930263
train,PFE,753,2018-12-31 00:00:00+00:00,0.00705585249810553,0.01694533909063243,0.016320761246221168,0.012413854576733458,0.015797913854736584,0.01701736892446192
train,PFE,824,2019-04-12 00:00:00+00:00,0.01247709999525862,0.00756090121509889,0.011740838546057503,0.011700515071631869,0.01085933035139438,0.013641634864944326
train,PFE,895,2019-07-25 00:00:00+00:00,0.005428070627954879,0.01087981954947697,0.00897033145301257,0.012268033887864821,0.009570288663856782,0.019781867417644355
train,PFE,966,2019-11-04 00:00:00+00:00,0.002880514878792313,0.008273871218203811,0.01168923223001317,0.01299477875058484,0.011469231248819194,0.011428801410641252
train,PFE,1037,2020-02-18 00:00:00+00:00,0.003977423871933481,0.01507304724477405,0.01307241897140455,0.01210742679601496,0.013454249957509717,0.041861944269565604
train,PFE,1108,2020-05-29 00:00:00+00:00,0.007058345334904861,0.016147763692042332,0.03325917477513871,0.019853743109629413,0.023970789350296215,0.024799582641881878
train,PFE,1179,2020-09-09 00:00:00+00:00,0.016109019526472645,0.010297449242675501,0.014400150367437786,0.020832256047261504,0.015818809278585397,0.01118373511318798
train,PFE,1250,2020-12-18 00:00:00+00:00,0.00788665495984906,0.02129377513877859,0.02276987883296296,0.023142286754587512,0.023449166724195575,0.00989651645161283
train,PFE,1321,2021-04-05 00:00:00+00:00,0.005513047025671963,0.009245308586770076,0.009956888025913506,0.017955740900079446,0.011684332949575252,0.010281349798162552
train,PFE,1392,2021-07-15 00:00:00+00:00,0.0059315392994627025,0.008292847081793604,0.010034505005909421,0.014823812914369109,0.009551305445836012,0.01973458605125412
train,PFE,1463,2021-10-25 00:00:00+00:00,0.011191167374486543,0.010196400238173193,0.01594690557863267,0.015313438104418903,0.01256314126775266,0.0284566186248449
train,PFE,1534,2022-02-04 00:00:00+00:00,0.014451614692891081,0.01572877833140602,0.023428767382079305,0.01700208113253862,0.02163771774548097,0.01902371426687235
train,PFE,1605,2022-05-18 00:00:00+00:00,0.011200525603931429,0.015908894646590035,0.018729436614317124,0.01869192376721636,0.0177337571504031,0.018784520742947466
train,PFE,1676,2022-08-30 00:00:00+00:00,0.004563480356689317,0.015356063650606603,0.017009144428062933,0.01908801576132734,0.015728141914780155,0.015424049256952573
train,PFE,1747,2022-12-09 00:00:00+00:00,0.009201363147822496,0.013825370288432306,0.01544007126594059,0.018014312929774526,0.015601852807642941,0.01928838668379829
train,SOFI,256,2021-12-06 00:00:00+00:00,0.015707912021127923,0.04675393680494459,0.04612381337981468,0.05316120209031416,0.046411160524889056,0.041419974099991944
train,SOFI,288,2022-01-21 00:00:00+00:00,0.013903993752626687,0.054784234935538655,0.04954939814536588,0.04758038041532169,0.05184834419206601,0.05755185399581644
train,SOFI,320,2022-03-09 00:00:00+00:00,0.009560678574662229,0.05337012414319346,0.0533837927138135,0.04680750801473918,0.05416203811852397,0.05428678181041455
train,SOFI,352,2022-04-25 00:00:00+00:00,0.012513854901984837,0.04303026398888409,0.05299631736873042,0.04726534352751289,0.048386772136460476,0.06842704299946265
train,SOFI,384,2022-06-09 00:00:00+00:00,0.017965489091228082,0.057184142986944776,0.05427168176204673,0.049141141311777194,0.05525055677965977,0.04902307920542153
train,SOFI,416,2022-07-27 00:00:00+00:00,0.024042091071843744,0.04196914715129415,0.05385434129239761,0.04906881965991376,0.04743118565216401,0.07021614165207471
train,SOFI,448,2022-09-12 00:00:00+00:00,0.022575949179528033,0.040389397549531185,0.05179410090569023,0.051453164042084505,0.051449393804064665,0.04478896091526899
train,SOFI,480,2022-10-26 00:00:00+00:00,0.04058019835755431,0.04285099813511764,0.05323743793688372,0.051350322389894926,0.046160402104639904,0.05015882639764096
train,SOFI,512,2022-12-12 00:00:00+00:00,0.026559896240680225,0.0405587519232521,0.04195727600813388,0.050945983298181556,0.042432178374131074,0.03381288173135845
train,SOFI,544,2023-01-30 00:00:00+00:00,0.038000576380220114,0.030336735605039786,0.03908515696380757,0.04912891442484177,0.035512929961659855,0.04375953631859594
train,SOFI,576,2023-03-16 00:00:00+00:00,0.014645134931408276,0.03649314958445861,0.036958009817271334,0.04728437376463178,0.037806749011566027,0.028656211143625876
train,SOFI,608,2023-05-02 00:00:00+00:00,0.023487074793935688,0.03719265824018754,0.03435954486753523,0.045711912036261515,0.039072839782517126,0.049270814151397536
train,SOFI,640,2023-06-16 00:00:00+00:00,0.01970687422088585,0.04617117398238848,0.044777960610537744,0.044328697137161525,0.047333735048729585,0.039440918380748334
train,SOFI,672,2023-08-03 00:00:00+00:00,0.022969956170554563,0.05639863152513709,0.050025455862316624,0.045344086987124166,0.05342645471177489,0.02494397015609484
train,SOFI,704,2023-09-19 00:00:00+00:00,0.024718208239122883,0.02413276157337093,0.03863377281609061,0.041303919606104716,0.03686002941080307,0.033138078441904764
train,SOFI,736,2023-11-02 00:00:00+00:00,0.03283749958377688,0.03350417300023534,0.029394154498069872,0.04014056050721694,0.03525809506221828,0.04160866704483335
train,SOFI,768,2023-12-19 00:00:00+00:00,0.013679969528023705,0.03494123636357357,0.038330994473764375,0.03993222929312238,0.03990494314532276,0.04364293128249729
train,SOFI,800,2024-02-06 00:00:00+00:00,0.012956178843458484,0.05563944241438619,0.0486379344027662,0.042285062089168546,0.052185178479954665,0.0509037298266263
train,SOFI,832,2024-03-22 00:00:00+00:00,0.01950896614131592,0.049186409454925764,0.049260259985339255,0.04314995647136536,0.046481941022939656,0.02609414560649928
train,SOFI,864,2024-05-08 00:00:00+00:00,0.009322147054752363,0.03486086436332649,0.03815874976298726,0.042236728857744286,0.03818085819813924,0.020229254053294527
train,SOFI,896,2024-06-25 00:00:00+00:00,0.0077709546164936635,0.020575100989717543,0.027242176049981436,0.03863297344746759,0.02812983705819588,0.024432747693059413
train,SOFI,928,2024-08-09 00:00:00+00:00,0.008149100332789887,0.0352037794035578,0.026196006885338897,0.036386616376177676,0.030373750201767264,0.03417449411951946
train,T,256,2017-01-09 00:00:00+00:00,0.005024089777649163,0.010169041096088216,0.011350920845524566,0.009527685044721802,0.01146470717200589,0.009128716019420764
train,T,327,2017-04-21 00:00:00+00:00,0.0063484856552311585,0.00609890031703207,0.006928402808555813,0.009168789541621309,0.007225166620401153,0.009730972447504498
train,T,398,2017-08-02 00:00:00+00:00,0.0018331672770322677,0.01639531915279644,0.010974052865233447,0.009990399558478026,0.013092658946653337,0.007409739893330773
train,T,469,2017-11-10 00:00:00+00:00,0.0028585109535006433,0.01282869536712187,0.013813775170347427,0.01083144669176827,0.014265898099053188,0.013081441292757472
train,T,540,2018-02-26 00:00:00+00:00,0.0068638908155615845,0.019149278838047352,0.015412045887590594,0.012075152744830418,0.015541138253139738,0.010627247548695238
train,T,611,2018-06-07 00:00:00+00:00,0.002913727751206722,0.009785489571254533,0.012688908381866528,0.013161777021838567,0.012631273320305702,0.0186290582011145
train,T,682,2018-09-18 00:00:00+00:00,0.0021564495385910524,0.009442481486735311,0.012023905822017527,0.014071068110035867,0.011932017940096644,0.011963093488509926
train,T,753,2018-12-31 00:00:00+00:00,0.0035247179207393594,0.017790731267338218,0.01860312800047429,0.01493336397231837,0.01743184471300768,0.015176258765735928
train,T,824,2019-04-12 00:00:00+00:00,0.006679734965653103,0.010999573217044138,0.011408342776549287,0.014793548894000724,0.012154832137992438,0.011213266891895751
train,T,895,2019-07-25 00:00:00+00:00,0.005994218677667656,0.012875147865109095,0.01102605496431568,0.013995919937098547,0.012248777994596541,0.01125124693383911
train,T,966,2019-11-04 00:00:00+00:00,0.0062679300844320305,0.013659416582083037,0.012068452400865036,0.012790946680185825,0.01277121556591098,0.012400586464735885
train,T,1037,2020-02-18 00:00:00+00:00,0.0075428049602644836,0.013190190713469788,0.01092676382731118,0.011107349374469973,0.010893732750612511,0.045335356391369444
train,T,1108,2020-05-29 00:00:00+00:00,0.005459837264811024,0.023078955177933222,0.039235260857534385,0.021794714832546403,0.029789494101991058,0.019762271014409995
train,T,1179,2020-09-09 00:00:00+00:00,0.00437810492989104,0.005631742651517958,0.01053634236006377,0.02209312785617568,0.012820586304168173,0.00819171518235532
train,T,1250,2020-12-18 00:00:00+00:00,0.007557067093374009,0.015386232387659023,0.01465407652520447,0.022387226052601936,0.015057020321712009,0.013571322716907211
train,T,1321,2021-04-05 00:00:00+00:00,0.0030944685914019634,0.009766976177084507,0.01162534638916319,0.01595945930575102,0.011232643922713743,0.013372124555587936
train,T,1392,2021-07-15 00:00:00+00:00,0.0029382104553550468,0.008581640350287136,0.013473444777090908,0.012206779212692809,0.011373799780783525,0.007158158145523276
train,T,1463,2021-10-25 00:00:00+00:00,0.003116673331183749,0.011650454062915707,0.008917312029686231,0.01234936844376824,0.010119815755528188,0.009181491384005489
train,T,1534,2022-02-04 00:00:00+00:00,0.0023746055250244724,0.02568298276836656,0.021046407025377946,0.013997017557077033,0.022672097529661196,0.012488325228460037
train,T,1605,2022-05-18 00:00:00+00:00,0.007795904970684586,0.019226201957383778,0.016965129859254507,0.015286236681660563,0.018153703434554823,0.014063673308342578
train,T,1676,2022-08-30 00:00:00+00:00,0.007561748334254553,0.009114924670535847,0.016522948207946045,0.016377133543416016,0.014928207230304403,0.013225723783627472
train,T,1747,2022-12-09 00:00:00+00:00,0.012473521707044907,0.011023038340757881,0.01764716146218322,0.01757332196000072,0.015661272366726858,0.015171784168255455
holdout,F,256,2024-05-30 00:00:00+00:00,0.0040272044440356316,0.015285725142361966,0.020396251758930596,0.021436262078771078,0.01960158194848211,0.015212265870224324
holdout,F,279,2024-07-03 00:00:00+00:00,0.007791079047219759,0.014787661065840844,0.01847323106095203,0.020530795873276997,0.017539295536170653,0.048975080587942345
holdout,F,302,2024-08-06 00:00:00+00:00,0.007501949046659518,0.050263040112730396,0.0319592713071165,0.024394810631342186,0.038728381216423295,0.01652282987251263
holdout,F,325,2024-09-09 00:00:00+00:00,0.013796525309075105,0.01635962133293863,0.032366809460591964,0.024529432546228414,0.029139335230127086,0.017600983694644114
holdout,F,348,2024-10-10 00:00:00+00:00,0.006373117138809775,0.015924788986567063,0.03198337156614853,0.02464738066329516,0.023011642812326982,0.027624341707589595
holdout,F,371,2024-11-12 00:00:00+00:00,0.010282620847260435,0.028274894916880025,0.020449493267527038,0.02402374180368739,0.025543209314886156,0.016388061111362564
holdout,F,394,2024-12-16 00:00:00+00:00,0.007252809256313688,0.01647412037813227,0.02072017667141904,0.023663440630756948,0.02045788189782401,0.016028619661327265
holdout,F,417,2025-01-22 00:00:00+00:00,0.006149787490240341,0.013090451242842152,0.0207207423362366,0.023273446201269775,0.0179933386145967,0.024111823433264387
holdout,F,440,2025-02-25 00:00:00+00:00,0.005784067000376298,0.022775163241651464,0.0183772300435298,0.02311658587992654,0.020141743996714163,0.021901733216644414
holdout,F,463,2025-03-28 00:00:00+00:00,0.0043608273034885904,0.023471339349059827,0.021034404272528173,0.023533766891313933,0.021167633495182157,0.03640244069218579
holdout,F,486,2025-05-01 00:00:00+00:00,0.010991079216665943,0.03564775330172513,0.027531646570923957,0.024554666402870403,0.02740561413168239,0.01201473214296104
holdout,F,509,2025-06-04 00:00:00+00:00,0.005584403527159639,0.015369913209029792,0.024425228622225393,0.024516821809650508,0.021722871188015972,0.017623782082441548
holdout,F,532,2025-07-09 00:00:00+00:00,0.008358090223792124,0.017865833719684553,0.017695226488067817,0.02456151504329372,0.019878305204102015,0.016131992609103817
holdout,F,555,2025-08-11 00:00:00+00:00,0.010146755955535682,0.016088637281998615,0.016374744962544388,0.020901254835810876,0.017566160868337097,0.012083390668986829
holdout,F,578,2025-09-12 00:00:00+00:00,0.017821365867893946,0.013277804713445373,0.015839663438461965,0.020226575170128255,0.015467780535779869,0.02085223578814836
holdout,F,601,2025-10-15 00:00:00+00:00,0.01444272536893781,0.02113023713472017,0.016322722196276885,0.020421064447677707,0.018556722957061553,0.03106255576897933
holdout,F,624,2025-11-17 00:00:00+00:00,0.0080945186861206,0.031379350901254155,0.022827277407807697,0.020825185539020245,0.023676998388955938,0.016794359923973802
holdout,F,647,2025-12-19 00:00:00+00:00,0.01206957698377021,0.016722339348140935,0.023850462482277103,0.0208235489499225,0.019736511353030187,0.01598601329032052
holdout,F,670,2026-01-26 00:00:00+00:00,0.010020264902746394,0.017772177032786458,0.015573318615487807,0.0209339515759946,0.0185248557699683,0.01471306726375213
holdout,F,693,2026-02-27 00:00:00+00:00,0.009206232829802295,0.015359104940876566,0.01569838746585253,0.02027275721405572,0.017529437205419825,0.020451345639881928
holdout,F,716,2026-04-01 00:00:00+00:00,0.009499939560152586,0.01683432003570374,0.019744525574635706,0.020529819410697373,0.019441771391856127,0.019952636390189397
holdout,F,739,2026-05-05 00:00:00+00:00,0.007423339351815204,0.021822528687774723,0.02043731718384782,0.018773018325540288,0.019557943770645327,0.04679772348390863
holdout,INTC,256,2024-05-30 00:00:00+00:00,0.009081628547792518,0.017793531430102726,0.026331730100914535,0.025529330417661547,0.0246963248309471,0.012509399776102964
holdout,INTC,279,2024-07-03 00:00:00+00:00,0.008223768795135115,0.010978446667421215,0.020583413956554105,0.02365845469712061,0.018829745040894928,0.026898526278324782
holdout,INTC,302,2024-08-06 00:00:00+00:00,0.012832139601461942,0.07050438857960636,0.044762036828202005,0.030804441581068997,0.059264531306667145,0.045765720769291675
holdout,INTC,325,2024-09-09 00:00:00+00:00,0.015162209295604408,0.04197534592694849,0.050658863410024395,0.03274260672535543,0.05153902390718867,0.024514562083032855
holdout,INTC,348,2024-10-10 00:00:00+00:00,0.013882248364152958,0.02510382422078164,0.05198494785456226,0.03313838979936331,0.03974695899530159,0.030745189974318025
holdout,INTC,371,2024-11-12 00:00:00+00:00,0.014920545567790393,0.03383092800326327,0.03273022636176661,0.03355120586692309,0.0366636972325022,0.025740348741872594
holdout,INTC,394,2024-12-16 00:00:00+00:00,0.011438167083916697,0.02514259410924303,0.027903490971104287,0.033720892565012116,0.03164115766073844,0.023673387614682663
holdout,INTC,417,2025-01-22 00:00:00+00:00,0.019098157192145613,0.02690980593514278,0.03055494575098556,0.034119342183233946,0.030919229584298158,0.048271009477579854
holdout,INTC,440,2025-02-25 00:00:00+00:00,0.01688501575474431,0.04929688198027822,0.036684282179771946,0.03577107886082334,0.04251985391379667,0.04755726256977988
holdout,INTC,463,2025-03-28 00:00:00+00:00,0.029578881179637858,0.04605340868548705,0.042171901279281346,0.03735333371150463,0.04315669721363276,0.061470361612408944
holdout,INTC,486,2025-05-01 00:00:00+00:00,0.008920168837695409,0.061137767757426346,0.05255540041033433,0.04027484976977268,0.04981768648603955,0.022393237976711215
holdout,INTC,509,2025-06-04 00:00:00+00:00,0.011399426123273528,0.023276027710955854,0.044813971750464365,0.040095408792197,0.03736673847967671,0.032756007316797786
holdout,INTC,532,2025-07-09 00:00:00+00:00,0.019995423149427396,0.03647969549932858,0.03156057220049759,0.04120734069792545,0.0358393024781514,0.025444421802743
holdout,INTC,555,2025-08-11 00:00:00+00:00,0.007934601856542213,0.02601843129877151,0.02850214572065282,0.04108487919824462,0.03092412516882948,0.03579423970578825
holdout,INTC,578,2025-09-12 00:00:00+00:00,0.013847180881905187,0.03372998443715027,0.030612508973978457,0.035455988946987996,0.030921741993534885,0.055403656585896376
holdout,INTC,601,2025-10-15 00:00:00+00:00,0.005758318232731637,0.05798545097052428,0.04290269397819279,0.0384912996675979,0.04303077261026396,0.02930551602498106
holdout,INTC,624,2025-11-17 00:00:00+00:00,0.018863373079803097,0.030421440018368745,0.039734759609014764,0.03838733833740741,0.03665085956808331,0.041328083704152634
holdout,INTC,647,2025-12-19 00:00:00+00:00,0.026281685385694562,0.0414463841839432,0.035494124383541534,0.0391932351887808,0.03727893401350641,0.03699572132412477
holdout,INTC,670,2026-01-26 00:00:00+00:00,0.026096287505273444,0.06270220509421934,0.04595468980282257,0.04227851081725156,0.054507580558115734,0.03964330194469109
holdout,INTC,693,2026-02-27 00:00:00+00:00,0.02921660155624255,0.031124212824348546,0.046945071950666516,0.04142381974870654,0.04553439239417923,0.04037506773165522
holdout,INTC,716,2026-04-01 00:00:00+00:00,0.044317426969532364,0.04316673446118841,0.049498593542480554,0.04105703538937677,0.04393405602837857,0.05751468187745189
holdout,INTC,739,2026-05-05 00:00:00+00:00,0.015299733001027846,0.05927378408619141,0.04884242380991329,0.04170910006620445,0.05498001386700117,0.05518387897435729
holdout,PFE,256,2024-05-30 00:00:00+00:00,0.006164750688625953,0.02031770535315257,0.01671852112045554,0.015828481734081624,0.017252682603110924,0.015054770172126867
holdout,PFE,279,2024-07-03 00:00:00+00:00,0.009077732958265805,0.013633411981330138,0.016461765674665875,0.01567755784123413,0.015620644292218487,0.013234296648005678
holdout,PFE,302,2024-08-06 00:00:00+00:00,0.010227748169920087,0.01442822055610813,0.014594448110220579,0.015910966872954867,0.014945559432202453,0.010308982448144864
holdout,PFE,325,2024-09-09 00:00:00+00:00,0.010070994853585901,0.009452646948315246,0.012416547402265242,0.015849571545095798,0.012352795218090504,0.012363478918280482
holdout,PFE,348,2024-10-10 00:00:00+00:00,0.005068017475165004,0.013602716695099529,0.012923082319293585,0.015759154464081226,0.013413759173397766,0.01084253797223639
holdout,PFE,371,2024-11-12 00:00:00+00:00,0.004527415919601551,0.011279180790854592,0.01264281507569887,0.015357224506900594,0.013075468201884414,0.01823832887352195
holdout,PFE,394,2024-12-16 00:00:00+00:00,0.00920781995476044,0.017024750979970957,0.014551451101417038,0.015287449012948994,0.014898918908678073,0.014693600435212268
holdout,PFE,417,2025-01-22 00:00:00+00:00,0.0043795364232224136,0.009550011522798973,0.015080420235857771,0.014427478426931668,0.013809855642340985,0.014455351462252438
holdout,PFE,440,2025-02-25 00:00:00+00:00,0.004050895774140085,0.013335751002987601,0.013930913995168557,0.014482569864853509,0.0135033156736397,0.01143591187917798
holdout,PFE,463,2025-03-28 00:00:00+00:00,0.002814227682357388,0.012294155982080565,0.012099270995234241,0.01409296405373223,0.012589618908867261,0.02286361019170573
holdout,PFE,486,2025-05-01 00:00:00+00:00,0.0035679045691265547,0.023935139580540957,0.017087282553880017,0.015378162966748678,0.018637003645119873,0.021473080566282627
holdout,PFE,509,2025-06-04 00:00:00+00:00,0.002704667532591638,0.020691737342873082,0.01949724587387382,0.015323560068641174,0.01863007394311873,0.012298383041918253
holdout,PFE,532,2025-07-09 00:00:00+00:00,0.01082417604637523,0.012129106551326827,0.017045757307713332,0.015136901582139387,0.015368112244146512,0.019081211297454617
holdout,PFE,555,2025-08-11 00:00:00+00:00,0.005992443079823759,0.02087334914688199,0.016384360059155976,0.015682862822632367,0.01840681323006194,0.01199644197341805
holdout,PFE,578,2025-09-12 00:00:00+00:00,0.0026689459743490544,0.011498211103631546,0.01502439269614033,0.015725240064536756,0.014989535309068745,0.026299184084778004
holdout,PFE,601,2025-10-15 00:00:00+00:00,0.009681636125708363,0.024981752250534138,0.020071763680629993,0.01694613735828209,0.02085921884875827,0.013487929212743697
holdout,PFE,624,2025-11-17 00:00:00+00:00,0.005264032930158279,0.0151086201081531,0.018560429486690403,0.01703448274335063,0.01820104376726889,0.014696690622107463
holdout,PFE,647,2025-12-19 00:00:00+00:00,0.006053046318711875,0.016369325625257874,0.01937769940298644,0.01683061295591242,0.017186519602413994,0.008006725842780341
holdout,PFE,670,2026-01-26 00:00:00+00:00,0.004838944135333425,0.009045599806753905,0.014162228135709064,0.01653217065470622,0.013513877274999472,0.01805559341544166
holdout,PFE,693,2026-02-27 00:00:00+00:00,0.004160663679220878,0.016225389674839438,0.014094981038166057,0.016782424745253183,0.014683115271321578,0.014080582305484543
holdout,PFE,716,2026-04-01 00:00:00+00:00,0.006181099689667155,0.0137594570968104,0.0145852266238009,0.01696095979713542,0.014746054387193688,0.012247472843344355
holdout,PFE,739,2026-05-05 00:00:00+00:00,0.00516057424227015,0.012011421895933572,0.013389903312914073,0.016119000453516975,0.013394019268580533,0.010818523150590084
holdout,SOFI,256,2025-11-19 00:00:00+00:00,0.018537805084092335,0.05382027545379224,0.04048009843096375,0.03997765453978644,0.04587762824667248,0.038484810043380835
holdout,SOFI,276,2025-12-18 00:00:00+00:00,0.014171312625832714,0.038484810043380835,0.04348001267724509,0.04076503529682091,0.04161393663758324,0.03184387358035128
holdout,SOFI,296,2026-01-20 00:00:00+00:00,0.014416026839023172,0.03184387358035128,0.04174884448564732,0.04024806718338726,0.036770770666400936,0.033053191368389946
holdout,SOFI,316,2026-02-18 00:00:00+00:00,0.015252795846756902,0.033053191368389946,0.034713311167738355,0.03990762638447941,0.03588487385830319,0.02760212633571451
holdout,SOFI,336,2026-03-18 00:00:00+00:00,0.017596811609730333,0.02760212633571451,0.03112483733546094,0.038434312912941596,0.0315258571727555,0.028905633028772814
holdout,SOFI,356,2026-04-16 00:00:00+00:00,0.017119777892217063,0.028905633028772814,0.030406203493375916,0.0359296690728165,0.03125910158653394,0.04369688242463802
holdout,SOFI,376,2026-05-14 00:00:00+00:00,0.013635003124622474,0.04369688242463802,0.034131229817457455,0.03505472678571729,0.03766820203428358,0.03879305261385599
holdout,SOFI,396,2026-06-12 00:00:00+00:00,0.010495988045922633,0.03879305261385599,0.037617035909455206,0.03597024819535214,0.038768132722133766,0.027154626054375512
holdout,T,256,2024-05-30 00:00:00+00:00,0.0071953330853676825,0.006907446712983886,0.009629016448534105,0.015285232191158064,0.009870343280737033,0.013599581388009234
holdout,T,279,2024-07-03 00:00:00+00:00,0.004261100820856168,0.010639685350352495,0.011549812405645657,0.014913212493637723,0.011493027536961796,0.016109948710141778
holdout,T,302,2024-08-06 00:00:00+00:00,0.007653977717511181,0.017175744450183366,0.013470276708589914,0.01352590976906997,0.014526863512992833,0.010438688603340168
holdout,T,325,2024-09-09 00:00:00+00:00,0.0060123475267647745,0.01045936503386004,0.012716542868996438,0.01344666750101771,0.012347089031505885,0.01219321143438016
holdout,T,348,2024-10-10 00:00:00+00:00,0.006765370080357569,0.010495356796417039,0.0133114074659308,0.013348354381466998,0.011294151616161723,0.016850950535241212
holdout,T,371,2024-11-12 00:00:00+00:00,0.01148872467008997,0.015353762025685428,0.012851592523600448,0.012548274827994367,0.01373419704378922,0.014567663654464762
holdout,T,394,2024-12-16 00:00:00+00:00,0.010183357626555154,0.014592467706872198,0.013254303626145861,0.012828490580400835,0.013851926160060729,0.011438447142818128
holdout,T,417,2025-01-22 00:00:00+00:00,0.006055044673374627,0.00926155179581214,0.013979943980057022,0.012606753684478363,0.012475996566380779,0.015090410742078848
holdout,T,440,2025-02-25 00:00:00+00:00,0.00894698257374302,0.015082742895222543,0.014237359627734049,0.012669518626295596,0.013118477671064962,0.02010781008839128
holdout,T,463,2025-03-28 00:00:00+00:00,0.010565991129451939,0.020658600326966564,0.01595348884332025,0.013533006250935543,0.01608554200784316,0.021840724670028695
holdout,T,486,2025-05-01 00:00:00+00:00,0.010447082350285446,0.02245534106707271,0.01789663516306615,0.014528226994122782,0.018459353160764094,0.015191598685850849
holdout,T,509,2025-06-04 00:00:00+00:00,0.00934909880963698,0.015583583283980261,0.01761852292978553,0.014957956942233038,0.015999181394289925,0.013040184418907976
holdout,T,532,2025-07-09 00:00:00+00:00,0.010472729264585716,0.011349418175480765,0.014066612915608175,0.014823096048047504,0.013889940175883264,0.009944334281236485
holdout,T,555,2025-08-11 00:00:00+00:00,0.006408016668873409,0.008674675489803338,0.011388991777560734,0.014459300354759935,0.011979679194462137,0.011260209876899772
holdout,T,578,2025-09-12 00:00:00+00:00,0.011079445492291284,0.011909468584090803,0.011050797615235518,0.0144483304873146,0.011840821696656066,0.01297363795769148
holdout,T,601,2025-10-15 00:00:00+00:00,0.011646535977595024,0.014146102435812227,0.012089237727310534,0.014684469648239308,0.013540979076477519,0.014066856283023269
holdout,T,624,2025-11-17 00:00:00+00:00,0.006294628579697713,0.014732846210771183,0.01360998372671284,0.014505502206992848,0.013389822344576738,0.009693462164945755
holdout,T,647,2025-12-19 00:00:00+00:00,0.005093828177811972,0.009937193515569983,0.01298104583067492,0.014218136797340603,0.011417817780978988,0.009340490905783792
holdout,T,670,2026-01-26 00:00:00+00:00,0.00395037144900231,0.009072605495293078,0.009617545886128776,0.014045727469174311,0.01001882800520763,0.02034671353301636
holdout,T,693,2026-02-27 00:00:00+00:00,0.012486547208941587,0.019011046786992544,0.014964245961342458,0.014658408541885803,0.016140678591416265,0.015185482612891403
holdout,T,716,2026-04-01 00:00:00+00:00,0.009897837727763068,0.014118546567979427,0.016411738581242927,0.014185475739370918,0.01473493973325431,0.01772464061781488
holdout,T,739,2026-05-05 00:00:00+00:00,0.013158765473665696,0.01775495447669748,0.015976619619188795,0.01374629000218276,0.016140712119228334,0.01236164746218492
